Название;Комнат;Номер квартиры;Статус;Площадь;Цена;Отделка
Май, корп. 1, кв.1;СТ;1;Продажа;29,4;1850000;0
Май, корп. 1, кв.2;СТ;2;Продажа;29,2;1988520;0
Май, корп. 1, кв.3;1К;3;Продажа;39,9;2532054;0
Май, корп. 1, кв.4;1К;4;Продажа;42;2581152;0
Май, корп. 1, кв.5;1К;5;Продажа;41,9;2960238,77;0
Май, корп. 1, кв.6;1К;6;Продажа;39,6;2408314;0
Май, корп. 1, кв.7;СТ;7;Продажа;29,2;2154960;0
Май, корп. 1, кв.8;СТ;8;Продажа;29,4;2169720;0
Май, корп. 1, кв.9;СТ;9;Продажа;29,4;2169720;0
Май, корп. 1, кв.10;1К;10;Продажа;39,6;2797743,56;0
Май, корп. 1, кв.11;1К;11;Продажа;40,6;2545620;0
Май, корп. 1, кв.12;2К;12;Продажа;62,8;3753832;0
Май, корп. 1, кв.13;СТ;13;Продажа;28,8;1895293;0
Май, корп. 1, кв.14;СТ;14;Продажа;28,9;1848083;0
Май, корп. 1, кв.15;1К;15;Продажа;39,9;2752160;0
Май, корп. 1, кв.16;1К;16;Продажа;41,4;2591640;0
Май, корп. 1, кв.17;1К;17;Продажа;41,7;2928323,41;0
Май, корп. 1, кв.18;1К;18;Продажа;39;2953532,79;0
Май, корп. 1, кв.19;СТ;19;Продажа;29;1934300;0
Май, корп. 1, кв.20;СТ;20;Продажа;28,8;1807266;0
Май, корп. 1, кв.21;СТ;21;Продажа;29,2;2137843,54;0
Май, корп. 1, кв.22;1К;22;Продажа;39;2866950,84;0
Май, корп. 1, кв.23;1К;23;Продажа;40,5;2620860;0
Май, корп. 1, кв.24;1К;24;Продажа;39,9;2300634;0
Май, корп. 1, кв.25;1К;25;Продажа;44,7;3164800;0
Май, корп. 1, кв.26;СТ;26;Продажа;28,8;1863216;0
Май, корп. 1, кв.27;СТ;27;Продажа;28,6;1702272;0
Май, корп. 1, кв.28;1К;28;Продажа;39,3;2460180;0
Май, корп. 1, кв.29;1К;29;Продажа;41,4;2668727;0
Май, корп. 1, кв.30;1К;30;Продажа;41,7;2928323,41;0
Май, корп. 1, кв.31;1К;31;Продажа;39;2953532,79;0
Май, корп. 1, кв.32;СТ;32;Продажа;29;2021010;0
Май, корп. 1, кв.33;СТ;33;Продажа;28,8;1940169,6;0
Май, корп. 1, кв.34;СТ;34;Продажа;29,2;1838727;0
Май, корп. 1, кв.35;1К;35;Продажа;39;2953532,79;0
Май, корп. 1, кв.36;1К;36;Продажа;40;2812000;0
Май, корп. 1, кв.37;1К;37;Продажа;40,4;2404422;0
Май, корп. 1, кв.38;1К;38;Продажа;43,8;2721032;0
Май, корп. 1, кв.39;СТ;39;Продажа;28,8;1804819;0
Май, корп. 1, кв.40;СТ;40;Продажа;28,6;1702272;0
Май, корп. 1, кв.41;1К;41;Продажа;39,3;2625240;0
Май, корп. 1, кв.42;1К;42;Продажа;41,4;3084495,82;0
Май, корп. 1, кв.43;1К;43;Продажа;41,7;3091480;0
Май, корп. 1, кв.44;1К;44;Продажа;39;2953532,79;0
Май, корп. 1, кв.45;СТ;45;Продажа;29;2059020;0
Май, корп. 1, кв.46;СТ;46;Продажа;28,8;1940169,6;0
Май, корп. 1, кв.47;СТ;47;Продажа;29,2;1950920;0
Май, корп. 1, кв.48;1К;48;Продажа;39;2953532,79;0
Май, корп. 1, кв.49;1К;49;Продажа;40,5;2733265,62;0
Май, корп. 1, кв.50;1К;50;Продажа;39,9;2529000;0
Май, корп. 1, кв.51;1К;51;Продажа;44,4;2720064;0
Май, корп. 1, кв.52;СТ;52;Продажа;28,8;1660608;0
Май, корп. 1, кв.53;СТ;53;Продажа;28,6;1776309;0
Май, корп. 1, кв.54;1К;54;Свободно;39,1;3150986,89;0
Май, корп. 1, кв.55;1К;55;Продажа;42;2629349;0
Май, корп. 1, кв.56;1К;56;Продажа;41,7;2791683;0
Май, корп. 1, кв.57;1К;57;Продажа;39;2330445;0
Май, корп. 1, кв.58;СТ;58;Продажа;29;1980000;0
Май, корп. 1, кв.59;СТ;59;Продажа;28,8;1805760;0
Май, корп. 1, кв.60;СТ;60;Продажа;29,2;1957000;0
Май, корп. 1, кв.61;1К;61;Продажа;39;2741700;0
Май, корп. 1, кв.62;1К;62;Продажа;40;2432000;0
Май, корп. 1, кв.63;1К;63;Продажа;40,4;2502000;0
Май, корп. 1, кв.64;1К;64;Продажа;44,4;2635062;0
Май, корп. 1, кв.65;2К;65;Продажа;51,8;3438951;0
Май, корп. 1, кв.66;1К;66;Продажа;38,9;2544060;0
Май, корп. 1, кв.67;СТ;67;Продажа;30,1;2158170;0
Май, корп. 1, кв.68;СТ;68;Продажа;29,2;1919674,87;0
Май, корп. 1, кв.69;СТ;69;Продажа;29,4;1933709;0
Май, корп. 1, кв.70;1К;70;Продажа;41,7;3035081,12;0
Май, корп. 1, кв.71;1К;71;Продажа;42;2384760;0
Май, корп. 1, кв.72;СТ;72;Продажа;29,4;1601683;0
Май, корп. 1, кв.73;СТ;73;Продажа;29,4;1871068;0
Май, корп. 1, кв.74;СТ;74;Продажа;29,4;1897891;0
Май, корп. 1, кв.75;1К;75;Продажа;50,3;3148780;0
Май, корп. 1, кв.76;2К;76;Продажа;51,2;3450880;0
Май, корп. 1, кв.77;1К;77;Продажа;38,4;2551585;0
Май, корп. 1, кв.78;СТ;78;Продажа;29,5;2115150;0
Май, корп. 1, кв.79;СТ;79;Продажа;28,6;1951960,01;0
Май, корп. 1, кв.80;СТ;80;Продажа;29,2;1940616;0
Май, корп. 1, кв.81;1К;81;Продажа;41,1;2790690;0
Май, корп. 1, кв.82;1К;82;Продажа;41,4;2591640;0
Май, корп. 1, кв.83;СТ;83;Продажа;29,1;1873295;0
Май, корп. 1, кв.84;СТ;84;Продажа;28,8;1875197;0
Май, корп. 1, кв.85;СТ;85;Продажа;28,8;1882828;0
Май, корп. 1, кв.86;СТ;86;Продажа;28,6;1758128;0
Май, корп. 1, кв.87;СТ;87;Продажа;29,6;1903192;0
Май, корп. 1, кв.88;2К;88;Продажа;51,2;3460084;0
Май, корп. 1, кв.89;1К;89;Продажа;38,4;2438500;0
Май, корп. 1, кв.90;СТ;90;Продажа;29,5;2287105,5;0
Май, корп. 1, кв.91;СТ;91;Продажа;28,6;1730758;0
Май, корп. 1, кв.92;СТ;92;Продажа;29,2;2095924,9;0
Май, корп. 1, кв.93;1К;93;Продажа;40,9;3097422,85;0
Май, корп. 1, кв.94;1К;94;Продажа;41,4;2591640;0
Май, корп. 1, кв.95;СТ;95;Продажа;28,8;1804378;0
Май, корп. 1, кв.96;СТ;96;Продажа;28,8;2109957,12;0
Май, корп. 1, кв.97;СТ;97;Продажа;28,8;1608250;0
Май, корп. 1, кв.98;СТ;98;Продажа;28,6;1845832;0
Май, корп. 1, кв.99;СТ;99;Продажа;29,3;1689438;0
Май, корп. 1, кв.100;2К;100;Продажа;51,2;3277824;0
Май, корп. 1, кв.101;1К;101;Продажа;38,4;2438500;0
Май, корп. 1, кв.102;СТ;102;Продажа;29,5;1911600;0
Май, корп. 1, кв.103;СТ;103;Продажа;28,6;1941825,89;0
Май, корп. 1, кв.104;СТ;104;Продажа;29,2;2034483,5;0
Май, корп. 1, кв.105;1К;105;Продажа;41,1;3112569,17;0
Май, корп. 1, кв.106;1К;106;Продажа;41,4;2591640;0
Май, корп. 1, кв.107;СТ;107;Продажа;28,8;1714176;0
Май, корп. 1, кв.108;СТ;108;Продажа;29,1;1779648;0
Май, корп. 1, кв.109;СТ;109;Продажа;28,8;1882828;0
Май, корп. 1, кв.110;СТ;110;Продажа;28,6;1833746;0
Май, корп. 1, кв.111;СТ;111;Продажа;29,3;1689438;0
Май, корп. 1, кв.112;2К;112;Продажа;51,2;3788800;0
Май, корп. 1, кв.113;1К;113;Продажа;38,4;2385561;0
Май, корп. 1, кв.114;СТ;114;Продажа;29,5;1947738;0
Май, корп. 1, кв.115;СТ;115;Продажа;28,6;1915914;0
Май, корп. 1, кв.116;СТ;116;Продажа;29,2;2100000;0
Май, корп. 1, кв.117;1К;117;Продажа;41,1;2708490;0
Май, корп. 1, кв.118;1К;118;Продажа;42;2623979,82;0
Май, корп. 1, кв.119;СТ;119;Продажа;28,8;1660608;0
Май, корп. 1, кв.120;СТ;120;Продажа;28,8;1660608;0
Май, корп. 1, кв.121;СТ;121;Продажа;29,1;1724034;0
Май, корп. 1, кв.122;СТ;122;Продажа;28,6;1682200;0
Май, корп. 1, кв.123;СТ;123;Продажа;29,6;1774000;0
Май, корп. 2, кв.1;СТ;1;Продажа;29,4;2490180;2
Май, корп. 2, кв.2;СТ;2;Продажа;29,2;2736040;2
Май, корп. 2, кв.3;1К;3;Продажа;39,9;3355590;2
Май, корп. 2, кв.4;1К;4;Продажа;42;3532200;2
Май, корп. 2, кв.5;1К;5;Продажа;41,9;3345003,12;2
Май, корп. 2, кв.6;1К;6;Продажа;39,6;3330360;2
Май, корп. 2, кв.7;СТ;7;Продажа;29,2;2395160;2
Май, корп. 2, кв.8;СТ;8;Продажа;29,4;2460780;2
Май, корп. 2, кв.9;СТ;9;Продажа;29,4;2534398;2
Май, корп. 2, кв.10;1К;10;Продажа;39,6;3374514;2
Май, корп. 2, кв.11;1К;11;Продажа;40,6;3264565;2
Май, корп. 2, кв.12;2К;12;Продажа;62,8;3780848;0
Май, корп. 2, кв.13;СТ;13;Продажа;28,8;2482675;2
Май, корп. 2, кв.14;СТ;14;Продажа;29;2614230;2
Май, корп. 2, кв.15;1К;15;Продажа;39,3;3305130;2
Май, корп. 2, кв.16;1К;16;Продажа;41,8;3599479,93;2
Май, корп. 2, кв.17;1К;17;Продажа;41,7;3591070,14;2
Май, корп. 2, кв.18;1К;18;Продажа;39;3279900;2
Май, корп. 2, кв.19;СТ;19;Продажа;29;2305020;2
Май, корп. 2, кв.20;СТ;20;Продажа;28,8;2410560;2
Май, корп. 2, кв.21;СТ;21;Продажа;29,2;2435075,89;2
Май, корп. 2, кв.22;1К;22;Продажа;39;3279900;2
Май, корп. 2, кв.23;1К;23;Продажа;40,5;3470654;2
Май, корп. 2, кв.24;1К;24;Продажа;39,9;3312897;2
Май, корп. 2, кв.25;1К;25;Продажа;44,5;4081350;2
Май, корп. 2, кв.26;СТ;26;Продажа;28,8;4078579;2
Май, корп. 2, кв.27;СТ;27;Продажа;29;2511000;2
Май, корп. 2, кв.28;1К;28;Продажа;39,3;3305130;2
Май, корп. 2, кв.29;1К;29;Продажа;41,8;3515380;2
Май, корп. 2, кв.30;1К;30;Продажа;41,7;3830190;2
Май, корп. 2, кв.31;1К;31;Продажа;39;3163118;2
Май, корп. 2, кв.32;СТ;32;Продажа;29;2614230;2
Май, корп. 2, кв.33;СТ;33;Продажа;28,8;2332800;2
Май, корп. 2, кв.34;СТ;34;Продажа;29,2;2716551;2
Май, корп. 2, кв.35;1К;35;Продажа;39;3498300;2
Май, корп. 2, кв.36;1К;36;Продажа;40;3184000;2
Май, корп. 2, кв.37;1К;37;Продажа;40,4;3248483,6;2
Май, корп. 2, кв.38;1К;38;Продажа;44,2;3365186;2
Май, корп. 2, кв.39;СТ;39;Продажа;28,8;2563632;2
Май, корп. 2, кв.40;СТ;40;Продажа;29;2485890;2
Май, корп. 2, кв.41;1К;41;Продажа;39,3;3305130;2
Май, корп. 2, кв.42;1К;42;Продажа;41,8;3839160;2
Май, корп. 2, кв.43;1К;43;Продажа;41,7;3830190;2
Май, корп. 2, кв.44;1К;44;Продажа;39;3279900;2
Май, корп. 2, кв.45;СТ;45;Продажа;29;2482754;2
Май, корп. 2, кв.46;СТ;46;Продажа;28,8;2386454,11;2
Май, корп. 2, кв.47;СТ;47;Продажа;29,2;2477186;2
Май, корп. 2, кв.48;1К;48;Продажа;39;3270910,89;2
Май, корп. 2, кв.49;1К;49;Продажа;40,5;3294258,26;2
Май, корп. 2, кв.50;1К;50;Продажа;39,9;3382642;2
Май, корп. 2, кв.51;1К;51;Продажа;44,2;3365186;2
Май, корп. 2, кв.52;СТ;52;Продажа;28,8;2352960;2
Май, корп. 2, кв.53;СТ;53;Продажа;29;2550060;2
Май, корп. 2, кв.54;1К;54;Продажа;39,3;3434820;2
Май, корп. 2, кв.55;1К;55;Продажа;41,8;3740720;2
Май, корп. 2, кв.56;1К;56;Продажа;41,7;3353014,02;2
Май, корп. 2, кв.57;1К;57;Продажа;39;3135912;2
Май, корп. 2, кв.58;СТ;58;Продажа;29;2629244;2
Май, корп. 2, кв.59;СТ;59;Продажа;28,8;2500704;2
Май, корп. 2, кв.60;СТ;60;Продажа;29,2;2760280;2
Май, корп. 2, кв.61;1К;61;Продажа;39;2829138;2
Май, корп. 2, кв.62;1К;62;Продажа;40;3000000;0
Май, корп. 2, кв.63;1К;63;Продажа;40,4;3375198;2
Май, корп. 2, кв.64;1К;64;Продажа;44,2;3950480;2
Май, корп. 2, кв.65;СТ;65;Продажа;37,2;2882925,97;1
Май, корп. 2, кв.66;СТ;66;Продажа;28,4;1931896,08;0
Май, корп. 2, кв.67;1К;67;Продажа;40;3065830,4;0
Май, корп. 2, кв.68;СТ;68;Продажа;30,1;2267145,55;0
Май, корп. 2, кв.69;СТ;69;Продажа;29,2;2219247,6;0
Май, корп. 2, кв.70;СТ;70;Продажа;29,4;2063880;0
Май, корп. 2, кв.71;1К;71;Продажа;41,7;3227958,64;0
Май, корп. 2, кв.72;1К;72;Продажа;42;3003000;0
Май, корп. 2, кв.73;СТ;73;Продажа;29,4;2256792,51;0
Май, корп. 2, кв.74;СТ;74;Продажа;29,4;2234447,92;0
Май, корп. 2, кв.75;СТ;75;Продажа;29,4;2063880;0
Май, корп. 2, кв.76;1К;76;Продажа;50,3;2990889;0
Май, корп. 2, кв.77;СТ;77;Продажа;36,6;2619296,57;0
Май, корп. 2, кв.78;СТ;78;Продажа;27,8;1951560;0
Май, корп. 2, кв.79;1К;79;Продажа;39,3;3601678,37;2
Май, корп. 2, кв.80;СТ;80;Продажа;29,5;2723453,28;2
Май, корп. 2, кв.81;СТ;81;Продажа;28,6;2007720;0
Май, корп. 2, кв.82;СТ;82;Продажа;29,2;2318201,72;0
Май, корп. 2, кв.83;1К;83;Продажа;41,1;3861961,5;2
Май, корп. 2, кв.84;1К;84;Продажа;41,4;3890151;2
Май, корп. 2, кв.85;СТ;85;Продажа;29,2;2318201,72;0
Май, корп. 2, кв.86;СТ;86;Продажа;28,8;2232842,98;0
Май, корп. 2, кв.87;СТ;87;Продажа;29,2;2318201,72;0
Май, корп. 2, кв.88;СТ;88;Продажа;28,6;1907620;0
Май, корп. 2, кв.89;СТ;89;Продажа;29,3;2115822,73;0
Май, корп. 2, кв.90;СТ;90;Продажа;36,6;2371680;0
Май, корп. 2, кв.91;СТ;91;Продажа;27,8;2071213,98;0
Май, корп. 2, кв.92;1К;92;Продажа;39,3;2727420;0
Май, корп. 2, кв.93;СТ;93;Продажа;29,5;2723453,28;2
Май, корп. 2, кв.94;СТ;94;Продажа;28,6;2217337,12;0
Май, корп. 2, кв.95;СТ;95;Продажа;29,2;2054292;0
Май, корп. 2, кв.96;1К;96;Продажа;41,1;3861961,5;2
Май, корп. 2, кв.97;1К;97;Продажа;41,4;3890151;2
Май, корп. 2, кв.98;СТ;98;Продажа;29,2;2272524,16;0
Май, корп. 2, кв.99;СТ;99;Продажа;28,8;2021760;0
Май, корп. 2, кв.100;СТ;100;Продажа;29,2;2120040,01;0
Май, корп. 2, кв.101;СТ;101;Продажа;28,6;2110680;0
Май, корп. 2, кв.102;СТ;102;Продажа;29,3;1973853,1;0
Май, корп. 2, кв.103;СТ;103;Продажа;36,6;2619296,57;0
Май, корп. 2, кв.104;СТ;104;Продажа;27,8;1951560;0
Май, корп. 2, кв.105;1К;105;Продажа;39,3;3601678,37;2
Май, корп. 2, кв.106;СТ;106;Пл. Бронь;29,5;2723453,28;2
Май, корп. 2, кв.107;СТ;107;Продажа;28,6;2217337,12;0
Май, корп. 2, кв.108;СТ;108;Продажа;29,2;2318201,72;0
Май, корп. 2, кв.109;1К;109;Продажа;41,1;3861961,5;2
Май, корп. 2, кв.110;1К;110;Продажа;41,4;3890151;2
Май, корп. 2, кв.111;СТ;111;Продажа;29,2;2318201,72;0
Май, корп. 2, кв.112;СТ;112;Продажа;28,8;2722442,98;2
Май, корп. 2, кв.113;СТ;113;Продажа;29,2;2341383,6;0
Май, корп. 2, кв.114;СТ;114;Ус. Бронь;28,6;2316600;0
Май, корп. 2, кв.115;СТ;115;Продажа;29,3;2033463,36;0
Май, корп. 2, кв.116;СТ;116;Продажа;36,6;2298480;0
Май, корп. 2, кв.117;СТ;117;Продажа;27,8;1802280;0
Май, корп. 2, кв.118;1К;118;Ус. Бронь;39,3;3144000;0
Май, корп. 2, кв.119;СТ;119;Продажа;29,5;1952900;0
Май, корп. 2, кв.120;СТ;120;Продажа;28,6;1970025,2;0
Май, корп. 2, кв.121;СТ;121;Продажа;29,2;2035480;0
Май, корп. 2, кв.122;1К;122;Продажа;41,1;3766640,74;2
Май, корп. 2, кв.123;1К;123;Продажа;41,4;3794134,46;2
Май, корп. 2, кв.124;СТ;124;Продажа;29,2;2143059,83;0
Май, корп. 2, кв.125;СТ;125;Продажа;28,8;2126486,59;0
Май, корп. 2, кв.126;СТ;126;Продажа;29,2;2252156,58;0
Май, корп. 2, кв.127;СТ;127;Продажа;28,6;1738926;0
Май, корп. 2, кв.128;СТ;128;Продажа;29,3;1680648;0
Май, корп. 2, кв.129;1К;129;Пл. Бронь;51,9;4930500;2
Май, корп. 2, кв.130;СТ;130;Продажа;29,4;2123043,97;0
Май, корп. 2, кв.131;СТ;131;Продажа;29,4;2279360,54;0
Май, корп. 2, кв.132;СТ;132;Продажа;29,4;2279360,54;0
Май, корп. 2, кв.133;1К;133;Продажа;42;3316530;0
Май, корп. 2, кв.134;1К;134;Продажа;41,7;3071592,81;0
Май, корп. 2, кв.135;СТ;135;Продажа;29,4;2084518,8;0
Май, корп. 2, кв.136;СТ;136;Продажа;29,2;2026480;0
Май, корп. 2, кв.137;СТ;137;Продажа;30,1;2267145,55;0
Май, корп. 2, кв.138;1К;138;Продажа;39,8;3081006,36;0
Май, корп. 2, кв.139;СТ;139;Продажа;35,8;2216593;0
Май, корп. 2, кв.140;СТ;140;Продажа;29,6;1906080;0
Май, корп. 2, кв.141;СТ;141;Продажа;28,6;2110680;0
Май, корп. 2, кв.142;СТ;142;Продажа;28,8;2232842,98;0
Май, корп. 2, кв.143;СТ;143;Продажа;28,8;2210735,52;0
Май, корп. 2, кв.144;СТ;144;Продажа;29,1;2295173,45;0
Май, корп. 2, кв.145;1К;145;Пл. Бронь;41,4;3890151;2
Май, корп. 2, кв.146;1К;146;Продажа;41,1;3861961,5;2
Май, корп. 2, кв.147;СТ;147;Продажа;29,2;2120040,01;0
Май, корп. 2, кв.148;СТ;148;Продажа;28,6;2703537,12;2
Май, корп. 2, кв.149;СТ;149;Продажа;29,5;2220000;0
Май, корп. 2, кв.150;1К;150;Продажа;39,1;2336421;0
Май, корп. 2, кв.151;СТ;151;Продажа;28;1759897;0
Май, корп. 2, кв.152;СТ;152;Продажа;37,3;2417040;0
Май, корп. 2, кв.153;СТ;153;Продажа;29,3;1977750;0
Май, корп. 2, кв.154;СТ;154;Продажа;28,6;1941825,89;0
Май, корп. 2, кв.155;СТ;155;Продажа;28,8;2232842,98;0
Май, корп. 2, кв.156;СТ;156;Продажа;28,8;2232842,98;0
Май, корп. 2, кв.157;СТ;157;Продажа;28,8;2232842,98;0
Май, корп. 2, кв.158;1К;158;Продажа;41,4;3890151;2
Май, корп. 2, кв.159;1К;159;Продажа;41,1;3861961,5;2
Май, корп. 2, кв.160;СТ;160;Продажа;29,2;2341380,68;0
Май, корп. 2, кв.161;СТ;161;Продажа;28,6;2217337,12;0
Май, корп. 2, кв.162;СТ;162;Продажа;29,5;2723453,28;2
Май, корп. 2, кв.163;1К;163;Продажа;39,1;2281446;0
Май, корп. 2, кв.164;СТ;164;Продажа;28;1901000;0
Май, корп. 2, кв.165;СТ;165;Продажа;36,7;2600448,6;0
Май, корп. 2, кв.166;СТ;166;Продажа;29,3;2035618;1
Май, корп. 2, кв.167;СТ;167;Продажа;28,6;1938008;0
Май, корп. 2, кв.168;СТ;168;Продажа;28,8;1998720;0
Май, корп. 2, кв.169;СТ;169;Продажа;29,1;2033200;0
Май, корп. 2, кв.170;СТ;170;Продажа;28,8;2237760;0
Май, корп. 2, кв.171;1К;171;Продажа;41,4;3890151;2
Май, корп. 2, кв.172;1К;172;Продажа;41,1;3861961,5;2
Май, корп. 2, кв.173;СТ;173;Продажа;29,2;2346540;0
Май, корп. 2, кв.174;СТ;174;Продажа;28,6;2217337,12;0
Май, корп. 2, кв.175;СТ;175;Продажа;29,5;2723453,28;2
Май, корп. 2, кв.176;1К;176;Продажа;39,1;2744973;0
Май, корп. 2, кв.177;СТ;177;Продажа;28;1808800;0
Май, корп. 2, кв.178;СТ;178;Продажа;36,7;2574701,71;0
Май, корп. 2, кв.179;СТ;179;Продажа;29,6;1848320;0
Май, корп. 2, кв.180;СТ;180;Продажа;28,6;2005146;0
Май, корп. 2, кв.181;СТ;181;Продажа;29,1;1905049;0
Май, корп. 2, кв.182;СТ;182;Продажа;28,8;2145718,08;0
Май, корп. 2, кв.183;СТ;183;Продажа;28,8;2021760;0
Май, корп. 2, кв.184;1К;184;Продажа;42;3385331,04;0
Май, корп. 2, кв.185;1К;185;Продажа;41,1;3181642,24;0
Май, корп. 2, кв.186;СТ;186;Продажа;29,2;2059640,1;0
Май, корп. 2, кв.187;СТ;187;Продажа;28,6;1970025,2;0
Май, корп. 2, кв.188;СТ;188;Продажа;29,5;2114295,98;0
Май, корп. 2, кв.189;1К;189;Продажа;39,1;2502947;0
Май, корп. 2, кв.190;СТ;190;Продажа;28;1966424,04;0
Май, корп. 2, кв.191;СТ;191;Продажа;36,7;2446069,68;0
Май, корп. 2, кв.192;1К;192;Пл. Бронь;39,8;3205977,56;0
Май, корп. 2, кв.193;1К;193;Продажа;40,6;3004400;0
Май, корп. 2, кв.194;СТ;194;Продажа;29,4;2063880;0
Май, корп. 2, кв.195;СТ;195;Продажа;29,2;2263854,68;0
Май, корп. 2, кв.196;1К;196;Продажа;39,9;3150703,5;0
Май, корп. 2, кв.197;1К;197;Продажа;42;3187120,02;0
Май, корп. 2, кв.198;1К;198;Продажа;41,9;3341719,84;0
Май, корп. 2, кв.199;1К;199;Пл. Бронь;39,6;3189867,12;0
Май, корп. 2, кв.200;СТ;200;Продажа;29,2;2263854,68;0
Май, корп. 2, кв.201;СТ;201;Продажа;30,1;2333631,03;0
Май, корп. 2, кв.202;СТ;202;Продажа;28,8;2232842,98;0
Май, корп. 2, кв.203;СТ;203;Продажа;29;1911420;0
Май, корп. 2, кв.204;1К;204;Продажа;39,3;3165701,46;0
Май, корп. 2, кв.205;1К;205;Продажа;41,8;3313108,13;0
Май, корп. 2, кв.206;1К;206;Пл. Бронь;41,3;3293867,05;0
Май, корп. 2, кв.207;1К;207;Продажа;39,6;3237564,92;0
Май, корп. 2, кв.208;СТ;208;Продажа;28,9;2302618,77;0
Май, корп. 2, кв.209;СТ;209;Продажа;28,8;2232842,98;0
Май, корп. 2, кв.210;СТ;210;Продажа;28,8;2232842,98;0
Май, корп. 2, кв.211;1К;211;Продажа;39,9;3261532,13;0
Май, корп. 2, кв.212;1К;212;Продажа;40,5;2686024,8;0
Май, корп. 2, кв.213;1К;213;Продажа;40,5;2960520,03;0
Май, корп. 2, кв.214;1К;214;Продажа;44,2;3329408,32;0
Май, корп. 2, кв.215;СТ;215;Продажа;28,8;2232842,98;0
Май, корп. 2, кв.216;СТ;216;Продажа;29;2331000;0
Май, корп. 2, кв.217;1К;217;Продажа;39,3;3134357,75;0
Май, корп. 2, кв.218;1К;218;Продажа;41,8;3073461;0
Май, корп. 2, кв.219;1К;219;Продажа;41,3;3261254,5;0
Май, корп. 2, кв.220;1К;220;Продажа;39;3049143,63;0
Май, корп. 2, кв.221;СТ;221;Продажа;28,6;1888887;0
Май, корп. 2, кв.222;СТ;222;Продажа;28,8;1978733,09;0
Май, корп. 2, кв.223;СТ;223;Продажа;28,8;2232842,98;0
Май, корп. 2, кв.224;1К;224;Продажа;39,2;3126382,28;0
Май, корп. 2, кв.225;1К;225;Продажа;40;2640000;0
Май, корп. 2, кв.226;1К;226;Продажа;40,4;2752200;0
Май, корп. 2, кв.227;1К;227;Продажа;43,9;3421380;0
Май, корп. 2, кв.228;СТ;228;Продажа;28,8;2232842,98;0
Май, корп. 2, кв.229;СТ;229;Продажа;29;2214450;0
Май, корп. 2, кв.230;1К;230;Пл. Бронь;39,3;3165701,46;0
Май, корп. 2, кв.231;1К;231;Продажа;41,8;3261360;0
Май, корп. 2, кв.232;1К;232;Продажа;41,3;3196995;0
Май, корп. 2, кв.233;1К;233;Продажа;39;3018954,12;0
Май, корп. 2, кв.234;СТ;234;Продажа;28,6;2130817,26;0
Май, корп. 2, кв.235;СТ;235;Продажа;28,8;2210735,52;0
Май, корп. 2, кв.236;СТ;236;Продажа;28,8;2232842,98;0
Май, корп. 2, кв.237;1К;237;Продажа;39,8;2706877,2;0
Май, корп. 2, кв.238;1К;238;Продажа;40,5;2758800;0
Май, корп. 2, кв.239;1К;239;Продажа;39,9;2704911,17;0
Май, корп. 2, кв.240;1К;240;Продажа;43,9;2908173;0
Май, корп. 2, кв.241;СТ;241;Продажа;28,8;2126486,59;0
Май, корп. 2, кв.242;СТ;242;Продажа;29;1854840;0
Май, корп. 2, кв.243;1К;243;Продажа;39,3;3012178,37;0
Май, корп. 2, кв.244;1К;244;Продажа;41,8;2855873;0
Май, корп. 2, кв.245;1К;245;Продажа;41,9;3411288,08;0
Май, корп. 2, кв.246;1К;246;Продажа;39;3049143,63;0
Май, корп. 2, кв.247;СТ;247;Продажа;28,6;2007720;0
Май, корп. 2, кв.248;СТ;248;Продажа;28,8;2237760;0
Май, корп. 2, кв.249;СТ;249;Продажа;28,8;2237760;0
Май, корп. 2, кв.250;1К;250;Продажа;39,8;3189254;0
Май, корп. 2, кв.251;1К;251;Продажа;40;2720000;0
Май, корп. 2, кв.252;1К;252;Продажа;40,4;3018663;0
Май, корп. 2, кв.253;1К;253;Продажа;43,9;2842210;0
МАЙ, корп. 3, кв.1;СТ;1;Стр. Резерв;29,2;2832400;2
МАЙ, корп. 3, кв.2;СТ;2;Стр. Резерв;29,4;2329137,97;2
МАЙ, корп. 3, кв.3;1К;3;Стр. Резерв;42;2708601,84;2
МАЙ, корп. 3, кв.4;1К;4;Стр. Резерв;41,9;3980500;2
МАЙ, корп. 3, кв.5;СТ;5;Стр. Резерв;29,2;2832400;2
МАЙ, корп. 3, кв.6;СТ;6;Стр. Резерв;29,2;2832400;2
МАЙ, корп. 3, кв.7;СТ;7;Продажа;28,6;1859512;0
МАЙ, корп. 3, кв.8;СТ;8;Продажа;28,8;2066976;0
МАЙ, корп. 3, кв.9;1К;9;Продажа;41,4;2696606,8;0
МАЙ, корп. 3, кв.10;1К;10;Продажа;41,7;3201722,25;0
МАЙ, корп. 3, кв.11;СТ;11;Продажа;28,6;2111719,32;0
МАЙ, корп. 3, кв.12;СТ;12;Продажа;29;2215089,89;0
МАЙ, корп. 3, кв.13;СТ;13;Продажа;29;1782600;0
МАЙ, корп. 3, кв.14;1К;14;Продажа;40,4;2600000;0
МАЙ, корп. 3, кв.15;1К;15;Продажа;44,6;2737102;0
МАЙ, корп. 3, кв.16;СТ;16;Продажа;28,6;1795937;0
МАЙ, корп. 3, кв.17;СТ;17;Продажа;28,8;1760000;0
МАЙ, корп. 3, кв.18;1К;18;Продажа;42;2400725;0
МАЙ, корп. 3, кв.19;1К;19;Продажа;41,7;2928323,41;0
МАЙ, корп. 3, кв.20;СТ;20;Продажа;28,6;1950520;0
МАЙ, корп. 3, кв.21;СТ;21;Продажа;29;2171444,02;0
МАЙ, корп. 3, кв.22;СТ;22;Продажа;29;2205919,8;0
МАЙ, корп. 3, кв.23;1К;23;Продажа;39,2;2464896;0
МАЙ, корп. 3, кв.24;1К;24;Продажа;44,9;3086160;0
МАЙ, корп. 3, кв.25;СТ;25;Продажа;28,6;1908900,99;0
МАЙ, корп. 3, кв.26;СТ;26;Продажа;28,8;1808450;0
МАЙ, корп. 3, кв.27;1К;27;Продажа;41,4;2488968;0
МАЙ, корп. 3, кв.28;1К;28;Продажа;41,7;2751417;0
МАЙ, корп. 3, кв.29;СТ;29;Продажа;28,6;2029520,06;0
МАЙ, корп. 3, кв.30;СТ;30;Продажа;29;1900080;0
МАЙ, корп. 3, кв.31;СТ;31;Продажа;29;2205919,8;0
МАЙ, корп. 3, кв.32;1К;32;Продажа;39,7;2685500;0
МАЙ, корп. 3, кв.33;1К;33;Продажа;45;2938198;0
МАЙ, корп. 3, кв.34;СТ;34;Продажа;28,6;1738539;0
МАЙ, корп. 3, кв.35;СТ;35;Продажа;28,8;1710000;0
МАЙ, корп. 3, кв.36;1К;36;Продажа;42;2623979,82;0
МАЙ, корп. 3, кв.37;1К;37;Продажа;41,7;2813930,18;0
МАЙ, корп. 3, кв.38;СТ;38;Продажа;28,6;1839781;0
МАЙ, корп. 3, кв.39;СТ;39;Продажа;29;2061420;0
МАЙ, корп. 3, кв.40;СТ;40;Продажа;28,8;1903680;0
МАЙ, корп. 3, кв.41;1К;41;Продажа;39,2;2311311;0
МАЙ, корп. 3, кв.42;1К;42;Продажа;44,9;2955636,79;0
МАЙ, корп. 3, кв.43;СТ;43;Продажа;35,8;2441560;0
МАЙ, корп. 3, кв.44;1К;44;Продажа;39,8;2622820;0
МАЙ, корп. 3, кв.45;СТ;45;Продажа;30,1;2043494,42;0
МАЙ, корп. 3, кв.46;СТ;46;Продажа;29,2;1765000;0
МАЙ, корп. 3, кв.47;СТ;47;Продажа;29,4;2216760;0
МАЙ, корп. 3, кв.48;1К;48;Продажа;41,7;3065432,05;0
МАЙ, корп. 3, кв.49;1К;49;Продажа;42;2805600;0
МАЙ, корп. 3, кв.50;СТ;50;Продажа;29,4;1829415;0
МАЙ, корп. 3, кв.51;СТ;51;Продажа;29,4;1841969;0
МАЙ, корп. 3, кв.52;СТ;52;Продажа;29,4;1902033;0
МАЙ, корп. 3, кв.53;1К;53;Продажа;50,3;3100000;0
МАЙ, корп. 3, кв.54;СТ;54;Продажа;37,2;2537040;0
МАЙ, корп. 3, кв.55;СТ;55;Продажа;28;2111200;0
МАЙ, корп. 3, кв.56;1К;56;Продажа;39,1;2873885,97;0
МАЙ, корп. 3, кв.57;СТ;57;Продажа;29,5;1911600;0
МАЙ, корп. 3, кв.58;СТ;58;Продажа;28,6;2111719,32;0
МАЙ, корп. 3, кв.59;СТ;59;Продажа;29,2;2059640,1;0
МАЙ, корп. 3, кв.60;1К;60;Продажа;41,1;3021325,12;0
МАЙ, корп. 3, кв.61;1К;61;Продажа;41,4;2591640;0
МАЙ, корп. 3, кв.62;СТ;62;Продажа;29,1;1873295;0
МАЙ, корп. 3, кв.63;СТ;63;Продажа;28,8;1841026;0
МАЙ, корп. 3, кв.64;СТ;64;Продажа;28,8;1823990;0
МАЙ, корп. 3, кв.65;СТ;65;Продажа;28,6;1795937;0
МАЙ, корп. 3, кв.66;СТ;66;Продажа;29,6;1954285;0
МАЙ, корп. 3, кв.67;СТ;67;Свободно;37;2871019,81;0
МАЙ, корп. 3, кв.68;СТ;68;Продажа;28;1909600;0
МАЙ, корп. 3, кв.69;1К;69;Продажа;39,1;2654506,04;0
МАЙ, корп. 3, кв.70;СТ;70;Продажа;29,5;1911600;0
МАЙ, корп. 3, кв.71;СТ;71;Продажа;28,6;2090797,57;0
МАЙ, корп. 3, кв.72;СТ;72;Продажа;29,2;1991440;0
МАЙ, корп. 3, кв.73;1К;73;Продажа;41,1;3112569,17;0
МАЙ, корп. 3, кв.74;1К;74;Продажа;41,4;2591640;0
МАЙ, корп. 3, кв.75;СТ;75;Продажа;28,8;1793000;0
МАЙ, корп. 3, кв.76;СТ;76;Продажа;28,8;1863216;0
МАЙ, корп. 3, кв.77;СТ;77;Продажа;28,8;2011713,98;0
МАЙ, корп. 3, кв.78;СТ;78;Продажа;28,6;1833750;0
МАЙ, корп. 3, кв.79;СТ;79;Продажа;29,3;1835704;0
МАЙ, корп. 3, кв.80;СТ;80;Пл. Бронь;37;2871019,81;0
МАЙ, корп. 3, кв.81;СТ;81;Продажа;28;1909600;0
МАЙ, корп. 3, кв.82;1К;82;Продажа;39,1;2789638,77;0
МАЙ, корп. 3, кв.83;СТ;83;Продажа;29,5;1903635;0
МАЙ, корп. 3, кв.84;СТ;84;Продажа;28,6;2156440;0
МАЙ, корп. 3, кв.85;СТ;85;Продажа;29,2;1935518;0
МАЙ, корп. 3, кв.86;1К;86;Продажа;41,1;3143695,02;0
МАЙ, корп. 3, кв.87;1К;87;Продажа;41,4;2669907,53;0
МАЙ, корп. 3, кв.88;СТ;88;Продажа;28,8;1608250;0
МАЙ, корп. 3, кв.89;СТ;89;Продажа;29,1;1873295;0
МАЙ, корп. 3, кв.90;СТ;90;Продажа;28,8;1608250;0
МАЙ, корп. 3, кв.91;СТ;91;Продажа;28,6;1745000;0
МАЙ, корп. 3, кв.92;СТ;92;Продажа;29,3;1892670;0
МАЙ, корп. 3, кв.93;СТ;93;Продажа;37;2727787,63;0
МАЙ, корп. 3, кв.94;СТ;94;Продажа;28;1887200;0
МАЙ, корп. 3, кв.95;1К;95;Продажа;39,1;2449693;0
МАЙ, корп. 3, кв.96;СТ;96;Продажа;29,5;2050250;0
МАЙ, корп. 3, кв.97;СТ;97;Продажа;28,6;2090660;0
МАЙ, корп. 3, кв.98;СТ;98;Продажа;29,2;1832325;0
МАЙ, корп. 3, кв.99;1К;99;Продажа;41,1;2818189,19;0
МАЙ, корп. 3, кв.100;1К;100;Продажа;42;2573406;0
МАЙ, корп. 3, кв.101;СТ;101;Продажа;28,8;1712500;0
МАЙ, корп. 3, кв.102;СТ;102;Продажа;28,8;1719000;0
МАЙ, корп. 3, кв.103;СТ;103;Продажа;29,1;1799000;0
МАЙ, корп. 3, кв.104;СТ;104;Продажа;28,6;1710000;0
МАЙ, корп. 3, кв.105;СТ;105;Продажа;29,6;1843091;0
МАЙ, корп. 3, кв.106;1К;106;Продажа;50,3;4094420;2
МАЙ, корп. 3, кв.107;СТ;107;Продажа;29,4;2466660;2
МАЙ, корп. 3, кв.108;СТ;108;Продажа;29,4;2466660;2
МАЙ, корп. 3, кв.109;СТ;109;Продажа;29,4;2728320;2
МАЙ, корп. 3, кв.110;1К;110;Продажа;42;3683400;2
МАЙ, корп. 3, кв.111;1К;111;Продажа;41,7;3145096,98;2
МАЙ, корп. 3, кв.112;СТ;112;Продажа;29,4;2271808;2
МАЙ, корп. 3, кв.113;СТ;113;Продажа;29,2;2222002,91;2
МАЙ, корп. 3, кв.114;СТ;114;Продажа;30,1;2681910;2
МАЙ, корп. 3, кв.115;1К;115;Продажа;40;3013120;2
МАЙ, корп. 3, кв.116;СТ;116;Продажа;28,4;2108416;2
МАЙ, корп. 3, кв.117;СТ;117;Продажа;37,2;3152290,8;2
МАЙ, корп. 3, кв.118;СТ;118;Продажа;29,3;2458270;2
МАЙ, корп. 3, кв.119;СТ;119;Продажа;28,6;2654080;2
МАЙ, корп. 3, кв.120;СТ;120;Продажа;29,2;2802560;2
МАЙ, корп. 3, кв.121;СТ;121;Продажа;28,8;2351922,91;2
МАЙ, корп. 3, кв.122;СТ;122;Продажа;29,2;2802560;2
МАЙ, корп. 3, кв.123;1К;123;Продажа;41,4;3403080;2
МАЙ, корп. 3, кв.124;1К;124;Продажа;41,1;3378420;2
МАЙ, корп. 3, кв.125;СТ;125;Продажа;29,2;2802560;2
МАЙ, корп. 3, кв.126;СТ;126;Продажа;28,6;2654080;2
МАЙ, корп. 3, кв.127;СТ;127;Продажа;29,5;2374750;2
МАЙ, корп. 3, кв.128;1К;128;Продажа;39,3;2792186,01;2
МАЙ, корп. 3, кв.129;СТ;129;Продажа;27,8;2332420;2
МАЙ, корп. 3, кв.130;СТ;130;Продажа;36,6;3070740;2
МАЙ, корп. 3, кв.131;СТ;131;Продажа;29,3;2719040;2
МАЙ, корп. 3, кв.132;СТ;132;Продажа;28,6;2399540;2
МАЙ, корп. 3, кв.133;СТ;133;Продажа;29,2;2802560;2
МАЙ, корп. 3, кв.134;СТ;134;Продажа;28,8;2416320;2
МАЙ, корп. 3, кв.135;СТ;135;Продажа;29,2;2802560;2
МАЙ, корп. 3, кв.136;1К;136;Продажа;41,4;3403080;2
МАЙ, корп. 3, кв.137;1К;137;Продажа;41,1;3378420;2
МАЙ, корп. 3, кв.138;СТ;138;Продажа;29,2;2802560;2
МАЙ, корп. 3, кв.139;СТ;139;Продажа;28,6;2399540;2
МАЙ, корп. 3, кв.140;СТ;140;Продажа;29,5;2374750;2
МАЙ, корп. 3, кв.141;1К;141;Продажа;39,3;3364080;2
МАЙ, корп. 3, кв.142;СТ;142;Продажа;27,8;2579840;2
МАЙ, корп. 3, кв.143;СТ;143;Продажа;36,6;3070740;2
МАЙ, корп. 3, кв.144;СТ;144;Продажа;29,3;2458270;2
МАЙ, корп. 3, кв.145;СТ;145;Продажа;28,6;2399540;2
МАЙ, корп. 3, кв.146;СТ;146;Продажа;29,2;2802560;2
МАЙ, корп. 3, кв.147;СТ;147;Продажа;28,8;2672640;2
МАЙ, корп. 3, кв.148;СТ;148;Продажа;29,2;2802560;2
МАЙ, корп. 3, кв.149;1К;149;Продажа;41,4;3630780;2
МАЙ, корп. 3, кв.150;1К;150;Продажа;41,1;3515252,59;2
МАЙ, корп. 3, кв.151;СТ;151;Продажа;29,2;2242048;2
МАЙ, корп. 3, кв.152;СТ;152;Продажа;28,6;2654080;2
МАЙ, корп. 3, кв.153;СТ;153;Продажа;29,5;2374750;2
МАЙ, корп. 3, кв.154;1К;154;Продажа;39,3;2994030,81;2
МАЙ, корп. 3, кв.155;СТ;155;Продажа;27,8;2579840;2
МАЙ, корп. 3, кв.156;СТ;156;Продажа;36,6;3070740;2
МАЙ, корп. 3, кв.157;СТ;157;Продажа;29,3;2396740;2
МАЙ, корп. 3, кв.158;СТ;158;Продажа;28,6;2339480;2
МАЙ, корп. 3, кв.159;СТ;159;Продажа;29,2;2733100;2
МАЙ, корп. 3, кв.160;СТ;160;Продажа;28,8;2606400;2
МАЙ, корп. 3, кв.161;СТ;161;Продажа;29,2;2241142;2
МАЙ, корп. 3, кв.162;1К;162;Продажа;41,4;3324420;2
МАЙ, корп. 3, кв.163;1К;163;Продажа;41,1;3518160;2
МАЙ, корп. 3, кв.164;СТ;164;Продажа;29,2;1994771;0
МАЙ, корп. 3, кв.165;СТ;165;Продажа;28,6;2339480;2
МАЙ, корп. 3, кв.166;СТ;166;Продажа;29,5;2209519;2
МАЙ, корп. 3, кв.167;1К;167;Продажа;39,3;2949858;2
МАЙ, корп. 3, кв.168;СТ;168;Продажа;27,8;2515900;2
МАЙ, корп. 3, кв.169;СТ;169;Продажа;36,6;3214772,71;2
МАЙ, корп. 3, кв.170;СТ;170;Продажа;29,4;1905120;0
МАЙ, корп. 3, кв.171;СТ;171;Продажа;29,2;2221133,04;0
МАЙ, корп. 3, кв.172;1К;172;Продажа;39,9;2933111,24;0
МАЙ, корп. 3, кв.173;1К;173;Продажа;42;3180727,62;0
МАЙ, корп. 3, кв.174;1К;174;Продажа;41,9;3173154,46;0
МАЙ, корп. 3, кв.175;1К;175;Пл. Бронь;39,6;3168000;0
МАЙ, корп. 3, кв.176;СТ;176;Продажа;29,2;2201680;0
МАЙ, корп. 3, кв.177;СТ;177;Продажа;30,1;2222473,83;0
МАЙ, корп. 3, кв.178;СТ;178;Продажа;28,8;2190706,56;0
МАЙ, корп. 3, кв.179;СТ;179;Продажа;29;2215089,89;0
МАЙ, корп. 3, кв.180;1К;180;Продажа;39,3;2889004,31;0
МАЙ, корп. 3, кв.181;1К;181;Продажа;41,8;2838220;0
МАЙ, корп. 3, кв.182;1К;182;Продажа;41,7;3091480;0
МАЙ, корп. 3, кв.183;1К;183;Продажа;39;2953532,79;0
МАЙ, корп. 3, кв.184;СТ;184;Продажа;29;2281985,64;0
МАЙ, корп. 3, кв.185;СТ;185;Продажа;28,8;2171520;0
МАЙ, корп. 3, кв.186;СТ;186;Продажа;29,4;2244625,03;0
МАЙ, корп. 3, кв.187;1К;187;Продажа;39,6;2500000;0
МАЙ, корп. 3, кв.188;1К;188;Продажа;40,2;2546855;0
МАЙ, корп. 3, кв.189;1К;189;Продажа;40,5;2439315;0
МАЙ, корп. 3, кв.190;1К;190;Продажа;44,7;2733872;0
МАЙ, корп. 3, кв.191;СТ;191;Продажа;28,8;1983801,6;0
МАЙ, корп. 3, кв.192;СТ;192;Продажа;29;1809600;0
МАЙ, корп. 3, кв.193;1К;193;Продажа;39,3;2776548,54;0
МАЙ, корп. 3, кв.194;1К;194;Продажа;41,8;3098720;0
МАЙ, корп. 3, кв.195;1К;195;Продажа;41,7;2831430;0
МАЙ, корп. 3, кв.196;1К;196;Продажа;39;2823600;0
МАЙ, корп. 3, кв.197;СТ;197;Продажа;29;2128866,8;0
МАЙ, корп. 3, кв.198;СТ;198;Продажа;28,8;2084586,62;0
МАЙ, корп. 3, кв.199;СТ;199;Продажа;29,2;2040815,16;0
МАЙ, корп. 3, кв.200;1К;200;Продажа;39;2648100;0
МАЙ, корп. 3, кв.201;1К;201;Продажа;39,3;2419701;0
МАЙ, корп. 3, кв.202;1К;202;Продажа;40,4;2649410;0
МАЙ, корп. 3, кв.203;1К;203;Продажа;44,4;3136864;0
МАЙ, корп. 3, кв.204;СТ;204;Продажа;28,8;2126486,59;0
МАЙ, корп. 3, кв.205;СТ;205;Продажа;29;2262000;0
МАЙ, корп. 3, кв.206;1К;206;Продажа;39,3;2889004,31;0
МАЙ, корп. 3, кв.207;1К;207;Продажа;41,8;3098720;0
МАЙ, корп. 3, кв.208;1К;208;Продажа;41,7;2899330,11;0
МАЙ, корп. 3, кв.209;1К;209;Продажа;39;2648100;0
МАЙ, корп. 3, кв.210;СТ;210;Продажа;29;2262000;0
МАЙ, корп. 3, кв.211;СТ;211;Продажа;28,8;1964160;0
МАЙ, корп. 3, кв.212;СТ;212;Продажа;29,2;1991440;0
МАЙ, корп. 3, кв.213;1К;213;Продажа;39;2648100;0
МАЙ, корп. 3, кв.214;1К;214;Продажа;39,8;2506000;0
МАЙ, корп. 3, кв.215;1К;215;Продажа;39,9;2265522;0
МАЙ, корп. 3, кв.216;1К;216;Продажа;44,4;2961178;0
МАЙ, корп. 3, кв.217;СТ;217;Продажа;28,8;1903680;0
МАЙ, корп. 3, кв.218;СТ;218;Продажа;29;2193000;0
МАЙ, корп. 3, кв.219;1К;219;Продажа;39,3;2888586,16;0
МАЙ, корп. 3, кв.220;1К;220;Продажа;41,8;2557514;0
МАЙ, корп. 3, кв.221;1К;221;Продажа;41,7;2761665;0
МАЙ, корп. 3, кв.222;1К;222;Продажа;39;2570100;0
МАЙ, корп. 3, кв.223;СТ;223;Продажа;29;2193000;0
МАЙ, корп. 3, кв.224;СТ;224;Продажа;28,8;2105280;0
МАЙ, корп. 3, кв.225;СТ;225;Продажа;29,2;2207620;0
МАЙ, корп. 3, кв.226;1К;226;Продажа;39,6;2715335,57;0
МАЙ, корп. 3, кв.227;1К;227;Продажа;39,3;2342123;0
МАЙ, корп. 3, кв.228;1К;228;Продажа;40,4;2559129;0
МАЙ, корп. 3, кв.229;1К;229;Продажа;44,4;2781380;0
МАЙ, корп. 4, кв.1;1К;1;Продажа;49,5;4269046,32;2
МАЙ, корп. 4, кв.2;СТ;2;Продажа;29,4;2694762,55;2
МАЙ, корп. 4, кв.3;СТ;3;Продажа;28,5;2641374,3;2
МАЙ, корп. 4, кв.4;СТ;4;Продажа;29,4;2807350,14;2
МАЙ, корп. 4, кв.5;1К;5;Продажа;41,7;3751585,12;2
МАЙ, корп. 4, кв.6;1К;6;Продажа;41,7;3436080;2
МАЙ, корп. 4, кв.7;СТ;7;Продажа;28,7;2508380;2
МАЙ, корп. 4, кв.8;СТ;8;Продажа;29,2;2577600,8;2
МАЙ, корп. 4, кв.9;СТ;9;Продажа;29,9;2860342,24;2
МАЙ, корп. 4, кв.10;1К;10;Продажа;38,9;3368535;2
МАЙ, корп. 4, кв.11;2К;11;Продажа;51,8;4257960;2
МАЙ, корп. 4, кв.12;СТ;12;Продажа;29,6;2936415,31;2
МАЙ, корп. 4, кв.13;СТ;13;Продажа;28,8;2810490,05;2
МАЙ, корп. 4, кв.14;СТ;14;Продажа;28,8;2810490,05;2
МАЙ, корп. 4, кв.15;СТ;15;Продажа;27,9;2616424,89;2
МАЙ, корп. 4, кв.16;СТ;16;Продажа;29,1;2916986,62;2
МАЙ, корп. 4, кв.17;1К;17;Продажа;41,4;3590926,7;2
МАЙ, корп. 4, кв.18;1К;18;Продажа;41,1;3564905,5;2
МАЙ, корп. 4, кв.19;СТ;19;Продажа;28,5;2877739,62;2
МАЙ, корп. 4, кв.20;СТ;20;Продажа;28,6;2790972,76;2
МАЙ, корп. 4, кв.21;СТ;21;Продажа;29,3;2859283,28;2
МАЙ, корп. 4, кв.22;1К;22;Продажа;38,4;3319895,81;2
МАЙ, корп. 4, кв.23;2К;23;Продажа;51,2;4208640;2
МАЙ, корп. 4, кв.24;СТ;24;Продажа;29,3;2587190;2
МАЙ, корп. 4, кв.25;СТ;25;Продажа;28,8;2839116,38;2
МАЙ, корп. 4, кв.26;СТ;26;Продажа;28,8;2619839,81;2
МАЙ, корп. 4, кв.27;СТ;27;Продажа;27,9;2750394;2
МАЙ, корп. 4, кв.28;СТ;28;Продажа;28,8;2543040;2
МАЙ, корп. 4, кв.29;1К;29;Продажа;41,4;3702290,22;2
МАЙ, корп. 4, кв.30;1К;30;Продажа;41,1;3636203,72;2
МАЙ, корп. 4, кв.31;СТ;31;Продажа;28,5;2711226,66;2
МАЙ, корп. 4, кв.32;СТ;32;Продажа;28,6;2682069,96;2
МАЙ, корп. 4, кв.33;СТ;33;Продажа;29,3;2859283,28;2
МАЙ, корп. 4, кв.34;1К;34;Продажа;38,4;3216399,74;2
МАЙ, корп. 4, кв.35;2К;35;Продажа;51,2;4208640;2
МАЙ, корп. 4, кв.36;СТ;36;Продажа;29,3;2721276,47;2
МАЙ, корп. 4, кв.37;СТ;37;Продажа;28,8;2646038,3;2
МАЙ, корп. 4, кв.38;СТ;38;Продажа;28,8;2839116,38;2
МАЙ, корп. 4, кв.39;СТ;39;Продажа;28,2;2801669,15;2
МАЙ, корп. 4, кв.40;СТ;40;Продажа;28,8;2543040;2
МАЙ, корп. 4, кв.41;1К;41;Продажа;41,4;3448620;2
МАЙ, корп. 4, кв.42;1К;42;Продажа;41,1;3523805,5;2
МАЙ, корп. 4, кв.43;СТ;43;Продажа;28,5;2578300,1;2
МАЙ, корп. 4, кв.44;СТ;44;Продажа;28,6;2735979,53;2
МАЙ, корп. 4, кв.45;СТ;45;Продажа;29,3;2859283,28;2
МАЙ, корп. 4, кв.46;1К;46;Продажа;38,4;3091200;2
МАЙ, корп. 4, кв.47;2К;47;Продажа;51,2;4208640;2
МАЙ, корп. 4, кв.48;СТ;48;Продажа;29,6;2995995,97;2
МАЙ, корп. 4, кв.49;СТ;49;Продажа;28,8;2783174,69;2
МАЙ, корп. 4, кв.50;СТ;50;Продажа;29,1;2917529,92;2
МАЙ, корп. 4, кв.51;СТ;51;Продажа;27,9;2750394;2
МАЙ, корп. 4, кв.52;СТ;52;Продажа;28,8;2811006,43;2
МАЙ, корп. 4, кв.53;1К;53;Продажа;42;3752975,94;2
МАЙ, корп. 4, кв.54;1К;54;Продажа;41,1;3564905,5;2
МАЙ, корп. 4, кв.55;СТ;55;Продажа;28,5;2821036,88;2
МАЙ, корп. 4, кв.56;СТ;56;Продажа;28,6;2790972,76;2
МАЙ, корп. 4, кв.57;СТ;57;Продажа;29,3;2859283,28;2
МАЙ, корп. 4, кв.58;1К;58;Продажа;38,4;3091200;2
МАЙ, корп. 4, кв.59;2К;59;Продажа;51,2;4526903,81;2
МАЙ, корп. 4, кв.60;1К;60;Продажа;39,8;3373464,32;2
МАЙ, корп. 4, кв.61;1К;61;Продажа;40,6;3706223,78;2
МАЙ, корп. 4, кв.62;1К;62;Продажа;40,5;3513085,02;2
МАЙ, корп. 4, кв.63;1К;63;Продажа;44,1;3704400;2
МАЙ, корп. 4, кв.64;СТ;64;Продажа;29,4;2757092,9;2
МАЙ, корп. 4, кв.65;СТ;65;Продажа;29,2;2373434,11;2
МАЙ, корп. 4, кв.66;1К;66;Продажа;39,9;3320637,6;2
МАЙ, корп. 4, кв.67;1К;67;Продажа;42;3460800;2
МАЙ, корп. 4, кв.68;1К;68;Продажа;41,9;3551461,18;2
МАЙ, корп. 4, кв.69;1К;69;Продажа;39,7;3292364,67;2
МАЙ, корп. 4, кв.70;СТ;70;Продажа;29,2;2788252,52;2
МАЙ, корп. 4, кв.71;СТ;71;Продажа;30,1;3010000;2
МАЙ, корп. 4, кв.72;СТ;72;Продажа;28,8;2782663,49;2
МАЙ, корп. 4, кв.73;СТ;73;Продажа;29;2926532,1;2
МАЙ, корп. 4, кв.74;1К;74;Продажа;39,3;3369478,25;2
МАЙ, корп. 4, кв.75;1К;75;Продажа;41,8;3633226,74;2
МАЙ, корп. 4, кв.76;1К;76;Продажа;41;3515231,76;2
МАЙ, корп. 4, кв.77;1К;77;Продажа;39,6;3378399,95;2
МАЙ, корп. 4, кв.78;СТ;78;Продажа;28,9;2868780,75;2
МАЙ, корп. 4, кв.79;СТ;79;Продажа;28,8;2810490,05;2
МАЙ, корп. 4, кв.80;СТ;80;Продажа;29;2830007,34;2
МАЙ, корп. 4, кв.81;1К;81;Продажа;39,8;3394879,9;2
МАЙ, корп. 4, кв.82;1К;82;Реализовано;40,5;3594799,85;0
МАЙ, корп. 4, кв.83;1К;83;Продажа;39,9;3535028,28;2
МАЙ, корп. 4, кв.84;1К;84;Продажа;43,9;3771600,02;2
МАЙ, корп. 4, кв.85;СТ;85;Продажа;28,8;2517120;2
МАЙ, корп. 4, кв.86;СТ;86;Продажа;29;2728196,17;2
МАЙ, корп. 4, кв.87;1К;87;Продажа;39,3;3369478,25;2
МАЙ, корп. 4, кв.88;1К;88;Продажа;41,8;3526719,92;2
МАЙ, корп. 4, кв.89;1К;89;Продажа;41,3;3579628,77;2
МАЙ, корп. 4, кв.90;1К;90;Продажа;39;3380278,98;2
МАЙ, корп. 4, кв.91;СТ;91;Продажа;28,6;2763847,09;2
МАЙ, корп. 4, кв.92;СТ;92;Продажа;28,8;2783174,69;2
МАЙ, корп. 4, кв.93;СТ;93;Продажа;28,8;2839116,38;2
МАЙ, корп. 4, кв.94;1К;94;Стр. Резерв;39,2;3265360;2
МАЙ, корп. 4, кв.95;1К;95;Продажа;40;3476000;2
МАЙ, корп. 4, кв.96;1К;96;Продажа;40,4;3586200,13;2
МАЙ, корп. 4, кв.97;1К;97;Продажа;43,9;3771600,02;2
МАЙ, корп. 4, кв.98;СТ;98;Продажа;28,8;2810490,05;2
МАЙ, корп. 4, кв.99;СТ;99;Продажа;29;2757196,17;2
МАЙ, корп. 4, кв.100;1К;100;Продажа;39,3;3270703,2;2
МАЙ, корп. 4, кв.101;1К;101;Продажа;41,8;3526719,92;2
МАЙ, корп. 4, кв.102;1К;102;Продажа;41,3;3579628,77;2
МАЙ, корп. 4, кв.103;1К;103;Продажа;39;3248700;2
МАЙ, корп. 4, кв.104;СТ;104;Продажа;28,6;2763847,09;2
МАЙ, корп. 4, кв.105;СТ;105;Продажа;28,8;2839116,38;2
МАЙ, корп. 4, кв.106;СТ;106;Продажа;28,8;2839116,38;2
МАЙ, корп. 4, кв.107;1К;107;Продажа;39,8;3682976,18;2
МАЙ, корп. 4, кв.108;1К;108;Продажа;40,5;3632419,89;0
МАЙ, корп. 4, кв.109;1К;109;Продажа;39,9;3431400;2
МАЙ, корп. 4, кв.110;1К;110;Продажа;43,9;3771600,02;2
МАЙ, корп. 4, кв.111;СТ;111;Продажа;28,8;2810490,05;2
МАЙ, корп. 4, кв.112;СТ;112;Продажа;29;2868867,92;2
МАЙ, корп. 4, кв.113;1К;113;Продажа;39,3;3476953,92;2
МАЙ, корп. 4, кв.114;1К;114;Продажа;41,8;3711358,88;2
МАЙ, корп. 4, кв.115;1К;115;Продажа;41,9;3598560,13;2
МАЙ, корп. 4, кв.116;1К;116;Продажа;39;3248700;2
МАЙ, корп. 4, кв.117;СТ;117;Продажа;28,6;2763847,09;2
МАЙ, корп. 4, кв.118;СТ;118;Свободно;28,8;2880000;2
МАЙ, корп. 4, кв.119;СТ;119;Продажа;28,8;2646038,3;2
МАЙ, корп. 4, кв.120;1К;120;Продажа;39,8;3570961,07;2
МАЙ, корп. 4, кв.121;1К;121;Продажа;40;3476000;2
МАЙ, корп. 4, кв.122;1К;122;Продажа;40,4;3694503,24;2
МАЙ, корп. 4, кв.123;1К;123;Продажа;43,9;3771600,02;2
Май, корп. 5, кв.1;1К;1;Пл. Бронь;41,3;3455443,38;0
Май, корп. 5, кв.2;СТ;2;Свободно;29,2;2680866,6;0
Май, корп. 5, кв.3;СТ;3;Продажа;29,2;2055498;0
Май, корп. 5, кв.4;СТ;4;Продажа;31,3;2648160,29;0
Май, корп. 5, кв.5;СТ;5;Продажа;31,3;2621940,9;0
Май, корп. 5, кв.6;СТ;6;Продажа;32,3;2705708,98;0
Май, корп. 5, кв.7;СТ;7;Продажа;32,1;2688955,37;0
Май, корп. 5, кв.8;СТ;8;Продажа;32,8;2296000;0
Май, корп. 5, кв.9;1К;9;Продажа;39,6;3313209,64;0
Май, корп. 5, кв.10;СТ;10;Свободно;32,3;2680821,83;0
Май, корп. 5, кв.11;СТ;11;Свободно;31,3;2674641,97;0
Май, корп. 5, кв.12;1К;12;Продажа;41,3;3526149,81;0
Май, корп. 5, кв.13;СТ;13;Продажа;29,2;2375770,4;0
Май, корп. 5, кв.14;СТ;14;Продажа;29,2;2555000;0
Май, корп. 5, кв.15;СТ;15;Пл. Бронь;31,9;2845545,4;0
Май, корп. 5, кв.16;СТ;16;Свободно;31,3;2674641,97;0
Май, корп. 5, кв.17;СТ;17;Свободно;32,9;2930997,5;0
Май, корп. 5, кв.18;СТ;18;Продажа;32,7;2315390;0
Май, корп. 5, кв.19;1К;19;Продажа;36,8;2674000;0
Май, корп. 5, кв.20;1К;20;Продажа;43,3;3588181,8;0
Май, корп. 5, кв.21;СТ;21;Продажа;32,3;2760093,79;0
Май, корп. 5, кв.22;СТ;22;Свободно;31,3;2674647,6;0
Май, корп. 5, кв.23;1К;23;Продажа;41,3;3387357,44;0
Май, корп. 5, кв.24;СТ;24;Продажа;29,2;2375776,24;0
Май, корп. 5, кв.25;СТ;25;Продажа;29,8;2165280;0
Май, корп. 5, кв.26;СТ;26;Продажа;31,3;2572103,17;0
Май, корп. 5, кв.27;СТ;27;Свободно;31,9;2763819,19;0
Май, корп. 5, кв.28;СТ;28;Свободно;32,3;2680821,83;0
Май, корп. 5, кв.29;СТ;29;Продажа;32,7;2320000;0
Май, корп. 5, кв.30;1К;30;Продажа;39,5;3160000;0
Май, корп. 5, кв.31;1К;31;Продажа;46,9;3885126,59;0
Май, корп. 5, кв.32;СТ;32;Продажа;32,3;2654278,99;0
Май, корп. 5, кв.33;1К;33;Продажа;40,3;3325153;2
Май, корп. 5, кв.34;2К;34;Продажа;62,3;4636131,75;2
Май, корп. 5, кв.35;1К;35;Продажа;42,6;3761580;2
Май, корп. 5, кв.36;1К;36;Продажа;44,8;3588256;2
Май, корп. 5, кв.37;1К;37;Продажа;44,8;4202916,03;2
Май, корп. 5, кв.38;1К;38;Продажа;42,6;4076852,8;2
Май, корп. 5, кв.39;1К;39;Продажа;40,4;3458240;2
Май, корп. 5, кв.40;2К;40;Продажа;59,3;4364480;2
Май, корп. 5, кв.41;2К;41;Продажа;63;5004725;2
Май, корп. 5, кв.42;2К;42;Продажа;62,9;4763860;2
Май, корп. 5, кв.43;1К;43;Продажа;42,6;3761580;2
Май, корп. 5, кв.44;1К;44;Продажа;45,4;3748446;2
Май, корп. 5, кв.45;1К;45;Продажа;44,8;4177250,11;2
Май, корп. 5, кв.46;1К;46;Продажа;42,6;3893853;2
Май, корп. 5, кв.47;1К;47;Продажа;40,4;3658405,03;2
Май, корп. 5, кв.48;2К;48;Продажа;59,9;4483156,2;2
Май, корп. 5, кв.49;2К;49;Продажа;61,9;4438587,84;2
Май, корп. 5, кв.50;2К;50;Продажа;62,9;4726050;2
Май, корп. 5, кв.51;1К;51;Продажа;42,6;3363185;2
Май, корп. 5, кв.52;1К;52;Продажа;45,4;4408560;2
Май, корп. 5, кв.53;1К;53;Продажа;44,8;4220160;2
Май, корп. 5, кв.54;1К;54;Продажа;42,6;3996957,35;2
Май, корп. 5, кв.55;1К;55;Продажа;40,4;3458240;2
Май, корп. 5, кв.56;2К;56;Продажа;59,9;4281192;2
Май, корп. 5, кв.57;2К;57;Продажа;59,3;3676600;0
Май, корп. 5, кв.58;1К;58;Ус. Бронь;40,4;4040000;2
Май, корп. 5, кв.59;1К;59;Продажа;42,6;4167920,95;2
Май, корп. 5, кв.60;1К;60;Свободно;44,8;4480000;2
Май, корп. 5, кв.61;1К;61;Продажа;44,8;3139136;0
Май, корп. 5, кв.62;1К;62;Продажа;42,6;3493981,28;0
Май, корп. 5, кв.63;2К;63;Продажа;62,3;3987200;0
Май, корп. 5, кв.64;1К;64;Продажа;40,3;3320720;0
Май, корп. 5, кв.65;2К;65;Продажа;59,9;3848670;0
Май, корп. 5, кв.66;1К;66;Продажа;40,4;3055213,24;0
Май, корп. 5, кв.67;1К;67;Продажа;42,6;3601130,93;0
Май, корп. 5, кв.68;1К;68;Продажа;44,8;3787104,83;0
Май, корп. 5, кв.69;1К;69;Пл. Бронь;44,8;4541945,86;2
Май, корп. 5, кв.70;1К;70;Пл. Бронь;42,6;4260000;2
Май, корп. 5, кв.71;2К;71;Продажа;62,9;5452485,24;0
Май, корп. 5, кв.72;2К;72;Продажа;63;4166400;0
Май, корп. 5, кв.73;2К;73;Продажа;59,9;3692100;0
Май, корп. 5, кв.74;1К;74;Продажа;40,4;2720213;0
Май, корп. 5, кв.75;1К;75;Продажа;42,6;3528921,8;0
Май, корп. 5, кв.76;1К;76;Продажа;44,8;3461811,14;0
Май, корп. 5, кв.77;1К;77;Пл. Бронь;44,8;4383165,7;2
Май, корп. 5, кв.78;1К;78;Продажа;42,6;3396150,38;0
Май, корп. 5, кв.79;2К;79;Продажа;62,9;5280156,23;0
Май, корп. 5, кв.80;2К;80;Продажа;62,5;3978610;0
Май, корп. 5, кв.81;СТ;81;Свободно;32,3;3235412,83;2
Май, корп. 5, кв.82;1К;82;Пл. Бронь;39,6;3874405,39;2
Май, корп. 5, кв.83;СТ;83;Продажа;32,8;2296000;0
Май, корп. 5, кв.84;СТ;84;Продажа;32,1;2371493,11;0
Май, корп. 5, кв.85;СТ;85;Продажа;32,3;2705708,98;0
Май, корп. 5, кв.86;СТ;86;Свободно;31,3;3192600;2
Май, корп. 5, кв.87;СТ;87;Ус. Бронь;31,3;2674641,91;0
Май, корп. 5, кв.88;СТ;88;Продажа;29,2;2087800;0
Май, корп. 5, кв.89;СТ;89;Продажа;29,2;2352253,6;0
Май, корп. 5, кв.90;1К;90;Пл. Бронь;41,3;4081138,38;2
Май, корп. 5, кв.91;СТ;91;Свободно;32,3;3314684,71;2
Май, корп. 5, кв.92;1К;92;Продажа;43,3;3446948,46;0
Май, корп. 5, кв.93;1К;93;Продажа;36,2;2567749,98;0
Май, корп. 5, кв.94;СТ;94;Пл. Бронь;32,7;3475365,81;2
Май, корп. 5, кв.95;СТ;95;Свободно;32,3;3314684,79;2
Май, корп. 5, кв.96;СТ;96;Свободно;31,3;3212062,97;2
Май, корп. 5, кв.97;СТ;97;Свободно;31,3;3212062,97;2
Май, корп. 5, кв.98;СТ;98;Продажа;29,8;2186184;0
Май, корп. 5, кв.99;СТ;99;Продажа;29,2;2236720;0
Май, корп. 5, кв.100;1К;100;Продажа;41,3;3491237,27;0
Май, корп. 5, кв.101;СТ;101;Продажа;31,3;2621940,9;0
Май, корп. 5, кв.102;СТ;102;Продажа;32,3;2550710,01;0
Май, корп. 5, кв.103;1К;103;Продажа;46,9;3517500;0
Май, корп. 5, кв.104;1К;104;Продажа;40,4;2713887;0
Май, корп. 5, кв.105;СТ;105;Пл. Бронь;32,7;3391676,7;2
Май, корп. 5, кв.106;СТ;106;Свободно;32,3;3235412,83;2
Май, корп. 5, кв.107;СТ;107;Свободно;31,3;3135245,25;2
Май, корп. 5, кв.108;СТ;108;Свободно;31,3;3135245,25;2
Май, корп. 5, кв.109;СТ;109;Продажа;29,8;2439132;0
Май, корп. 5, кв.110;СТ;110;Продажа;29,2;1990740;0
Май, корп. 5, кв.111;1К;111;Продажа;41,3;3191357,14;0
Май, корп. 5, кв.112;СТ;112;Продажа;31,3;2399282,41;0
Май, корп. 6, кв.1;1К;1;Продажа;41,3;4006857,44;2
Май, корп. 6, кв.2;СТ;2;Продажа;29,2;3155687,51;2
Май, корп. 6, кв.3;СТ;3;Продажа;29,2;2066922;0
Май, корп. 6, кв.4;СТ;4;Продажа;31,3;2621940,9;0
Май, корп. 6, кв.5;СТ;5;Продажа;31,3;3154040,9;2
Май, корп. 6, кв.6;СТ;6;Продажа;32,3;3254808,98;2
Май, корп. 6, кв.7;СТ;7;Продажа;32,1;3267001,9;2
Май, корп. 6, кв.8;СТ;8;Продажа;32,8;2781440;0
Май, корп. 6, кв.9;1К;9;Продажа;39,6;3841926,26;2
Май, корп. 6, кв.10;СТ;10;Пл. Бронь;32,3;3240958,69;2
Май, корп. 6, кв.11;СТ;11;Продажа;31,3;3185581,29;2
Май, корп. 6, кв.12;1К;12;Продажа;41,3;4110737,27;2
Май, корп. 6, кв.13;СТ;13;Продажа;29,2;2942427,94;2
Май, корп. 6, кв.14;СТ;14;Продажа;29,2;2942427,94;2
Май, корп. 6, кв.15;СТ;15;Продажа;31,9;3331777;2
Май, корп. 6, кв.16;СТ;16;Продажа;31,3;3185581,29;2
Май, корп. 6, кв.17;СТ;17;Продажа;32,9;3432545,17;2
Май, корп. 6, кв.18;СТ;18;Продажа;32,7;3412391,5;2
Май, корп. 6, кв.19;1К;19;Продажа;36,8;2677000;0
Май, корп. 6, кв.20;1К;20;Пл. Бронь;43,3;3733876,78;0
Май, корп. 6, кв.21;СТ;21;Продажа;32,3;3254808,98;2
Май, корп. 6, кв.22;СТ;22;Продажа;31,3;3078736,86;2
Май, корп. 6, кв.23;1К;23;Продажа;41,3;4006857,44;2
Май, корп. 6, кв.24;СТ;24;Продажа;29,2;2872176,24;2
Май, корп. 6, кв.25;СТ;25;Продажа;29,8;2165280;0
Май, корп. 6, кв.26;СТ;26;Продажа;31,3;3078736,86;2
Май, корп. 6, кв.27;СТ;27;Продажа;31,9;3251661,11;2
Май, корп. 6, кв.28;СТ;28;Продажа;32,3;3177099,06;2
Май, корп. 6, кв.29;СТ;29;Продажа;32,7;3363654,76;2
Май, корп. 6, кв.30;1К;30;Продажа;39,5;2962500;0
Май, корп. 6, кв.31;1К;31;Продажа;46,9;4550160,15;2
Май, корп. 6, кв.32;СТ;32;Продажа;32,3;3240958,75;2
Май, корп. 6, кв.33;1К;33;Продажа;40,3;4011203,68;2
Май, корп. 6, кв.34;2К;34;Продажа;62,3;4033676;0
Май, корп. 6, кв.35;1К;35;Продажа;42,6;4132981,28;2
Май, корп. 6, кв.36;1К;36;Продажа;44,8;3674421,63;0
Май, корп. 6, кв.37;1К;37;Продажа;44,8;4433784,56;2
Май, корп. 6, кв.38;1К;38;Продажа;42,6;4216054,06;2
Май, корп. 6, кв.39;1К;39;Продажа;40,4;3919540,94;2
Май, корп. 6, кв.40;2К;40;Пл. Бронь;59,3;5067292,93;0
Май, корп. 6, кв.41;2К;41;Продажа;62,8;4262120;0
Май, корп. 6, кв.42;2К;42;Продажа;62,9;5562080,32;0
Май, корп. 6, кв.43;1К;43;Продажа;42,6;4132981,28;2
Май, корп. 6, кв.44;1К;44;Продажа;45,4;3563586;0
Май, корп. 6, кв.45;1К;45;Продажа;44,8;4459104,83;2
Май, корп. 6, кв.46;1К;46;Продажа;42,6;3565476,01;0
Май, корп. 6, кв.47;1К;47;Продажа;40,4;4061368,77;2
Май, корп. 6, кв.48;2К;48;Продажа;59,9;3928850;0
Май, корп. 6, кв.49;2К;49;Продажа;61,5;4778550;0
Май, корп. 6, кв.50;2К;50;Продажа;62,9;5386287,4;0
Май, корп. 6, кв.51;1К;51;Продажа;42,6;4035150,38;2
Май, корп. 6, кв.52;1К;52;Продажа;45,4;3762826,91;0
Май, корп. 6, кв.53;1К;53;Продажа;44,8;4346421,63;2
Май, корп. 6, кв.54;1К;54;Продажа;42,6;4132981,28;2
Май, корп. 6, кв.55;1К;55;Продажа;40,4;3958736,35;2
Май, корп. 6, кв.56;2К;56;Продажа;59,9;3686582;0
Май, корп. 6, кв.57;2К;57;Продажа;59,3;4746372;2
Май, корп. 6, кв.58;1К;58;Продажа;40,4;3913952,4;2
Май, корп. 6, кв.59;1К;59;Продажа;42,6;4127088,43;2
Май, корп. 6, кв.60;1К;60;Продажа;44,8;4427463,04;2
Май, корп. 6, кв.61;1К;61;Продажа;44,8;4103680;2
Май, корп. 6, кв.62;1К;62;Продажа;42,6;3231551;1
Май, корп. 6, кв.63;2К;63;Продажа;62,3;4863811;2
Май, корп. 6, кв.64;1К;64;Продажа;40,3;3999310,34;2
Май, корп. 6, кв.65;2К;65;Продажа;59,9;5688640,11;2
Май, корп. 6, кв.66;1К;66;Продажа;40,4;4009234,19;2
Май, корп. 6, кв.67;1К;67;Продажа;42,6;3537717;2
Май, корп. 6, кв.68;1К;68;Продажа;44,8;4376960;2
Май, корп. 6, кв.69;1К;69;Продажа;44,8;4535245,57;2
Май, корп. 6, кв.70;1К;70;Продажа;42,6;4127088,43;2
Май, корп. 6, кв.71;2К;71;Продажа;62,9;5305779;2
Май, корп. 6, кв.72;2К;72;Продажа;65,6;5544176;2
Май, корп. 6, кв.73;2К;73;Продажа;59,9;4045800;1
Май, корп. 6, кв.74;1К;74;Продажа;40,4;3611760;2
Май, корп. 6, кв.75;1К;75;Продажа;42,6;3131100;1
Май, корп. 6, кв.76;1К;76;Продажа;44,8;3225600;1
Май, корп. 6, кв.77;1К;77;Продажа;44,8;4005120;2
Май, корп. 6, кв.78;1К;78;Продажа;42,6;4026618,03;2
Май, корп. 6, кв.79;2К;79;Продажа;62,9;5222862;2
Май, корп. 6, кв.80;2К;80;Продажа;62,3;5088039,92;2
Май, корп. 6, кв.81;СТ;81;Свободно;32,3;2680821,83;0
Май, корп. 6, кв.82;1К;82;Пл. Бронь;39,6;3923567,2;2
Май, корп. 6, кв.83;СТ;83;Продажа;32,8;2747593,02;0
Май, корп. 6, кв.84;СТ;84;Продажа;32,1;2715844,9;0
Май, корп. 6, кв.85;СТ;85;Ус. Бронь;32,3;3326900;2
Май, корп. 6, кв.86;СТ;86;Продажа;31,3;3154040,9;2
Май, корп. 6, кв.87;СТ;87;Продажа;31,3;3154040,9;2
Май, корп. 6, кв.88;СТ;88;Продажа;29,2;2265920;0
Май, корп. 6, кв.89;СТ;89;Продажа;29,2;2872176,24;2
Май, корп. 6, кв.90;1К;90;Продажа;41,3;4006857,44;2
Май, корп. 6, кв.91;СТ;91;Свободно;32,3;2760093,79;0
Май, корп. 6, кв.92;1К;92;Продажа;43,3;3660304,45;0
Май, корп. 6, кв.93;1К;93;Продажа;36,2;2982656;0
Май, корп. 6, кв.94;СТ;94;Свободно;32,7;2913906,81;0
Май, корп. 6, кв.95;СТ;95;Продажа;32,3;3287357,05;2
Май, корп. 6, кв.96;СТ;96;Свободно;31,3;3192600;2
Май, корп. 6, кв.97;СТ;97;Продажа;31,3;3185581,29;2
Май, корп. 6, кв.98;СТ;98;Пл. Бронь;29,8;2666097,23;0
Май, корп. 6, кв.99;СТ;99;Продажа;29,2;2942427,94;2
Май, корп. 6, кв.100;1К;100;Пл. Бронь;41,3;4110737,27;2
Май, корп. 6, кв.101;СТ;101;Продажа;31,3;3154040,9;2
Май, корп. 6, кв.102;СТ;102;Продажа;32,3;2197000;0
Май, корп. 6, кв.103;1К;103;Продажа;46,9;3770865,99;0
Май, корп. 6, кв.104;1К;104;Продажа;39,5;2686000;0
Май, корп. 6, кв.105;СТ;105;Пл. Бронь;32,7;2830217,7;0
Май, корп. 6, кв.106;СТ;106;Продажа;32,3;3177099,06;2
Май, корп. 6, кв.107;СТ;107;Свободно;31,3;2660500;0
Май, корп. 6, кв.108;СТ;108;Продажа;31,3;2546636,86;0
Май, корп. 6, кв.109;СТ;109;Продажа;29,8;2633845;0
Май, корп. 6, кв.110;СТ;110;Продажа;29,2;2006216;0
Май, корп. 6, кв.111;1К;111;Продажа;41,3;3320613,34;0
Май, корп. 6, кв.112;СТ;112;Продажа;31,3;3078736,86;2
МАЙ, корп. 7, кв.1;СТ;1;Свободно;31,4;3202800;2
МАЙ, корп. 7, кв.2;2К;2;Продажа;62,7;4515215,1;1
МАЙ, корп. 7, кв.3;СТ;3;Свободно;32,8;3246847,07;2
МАЙ, корп. 7, кв.4;1К;4;Пл. Бронь;44,5;4305202,79;2
МАЙ, корп. 7, кв.5;1К;5;Продажа;40,9;3137030;1
МАЙ, корп. 7, кв.6;1К;6;Продажа;41,5;3642390,26;1
МАЙ, корп. 7, кв.7;СТ;7;Пл. Бронь;31,4;3139913,96;2
МАЙ, корп. 7, кв.8;СТ;8;Продажа;31,4;3171313,02;2
МАЙ, корп. 7, кв.9;2К;9;Продажа;62,7;4583370;1
МАЙ, корп. 7, кв.10;СТ;10;Стр. Резерв;32,8;2886310,13;1
МАЙ, корп. 7, кв.11;1К;11;Продажа;45,1;4039703,51;1
МАЙ, корп. 7, кв.12;1К;12;Продажа;41,5;3642390,26;1
МАЙ, корп. 7, кв.13;СТ;13;Пл. Бронь;31,4;3171313,02;2
МАЙ, корп. 7, кв.14;СТ;14;Свободно;31,4;3171313,02;2
МАЙ, корп. 7, кв.15;2К;15;Продажа;62,7;4583370;1
МАЙ, корп. 7, кв.16;СТ;16;Свободно;32,8;3312709,14;2
МАЙ, корп. 7, кв.17;1К;17;Продажа;45,1;4039703,51;1
МАЙ, корп. 7, кв.18;2К;18;Продажа;65,4;4545300;1
МАЙ, корп. 7, кв.19;1К;19;Продажа;45,3;3422324,4;1
МАЙ, корп. 7, кв.20;1К;20;Стр. Резерв;45,9;3917841,32;1
МАЙ, корп. 7, кв.21;1К;21;Продажа;44;3574047,84;1
МАЙ, корп. 7, кв.22;1К;22;Продажа;46,9;3516239,8;1
МАЙ, корп. 7, кв.23;1К;23;Продажа;45,9;3879050,77;1
МАЙ, корп. 7, кв.24;1К;24;Продажа;44;3503624,96;1
МАЙ, корп. 7, кв.25;1К;25;Продажа;46,9;3669685,34;1
МАЙ, корп. 7, кв.26;1К;26;Продажа;40,9;3473999,37;1
МАЙ, корп. 7, кв.27;1К;27;Пл. Бронь;44,5;4305202,79;2
МАЙ, корп. 7, кв.28;СТ;28;Свободно;32,8;3312709,14;2
МАЙ, корп. 7, кв.29;2К;29;Продажа;62,7;4515215,1;1
МАЙ, корп. 7, кв.30;СТ;30;Свободно;31,4;3171313,02;2
МАЙ, корп. 7, кв.31;1К;31;Продажа;45,1;4126324,38;1
МАЙ, корп. 7, кв.32;СТ;32;Пл. Бронь;32,8;3345640,67;2
МАЙ, корп. 7, кв.33;2К;33;Продажа;62,7;4639800;1
МАЙ, корп. 7, кв.34;СТ;34;Продажа;31,4;3171313,02;2
МАЙ, корп. 7, кв.35;СТ;35;Пл. Бронь;31,4;3171313,02;2
МАЙ, корп. 7, кв.36;1К;36;Пл. Бронь;41,5;3642390,26;1
МАЙ, корп. 7, кв.37;1К;37;Пл. Бронь;45,1;4577324,38;2
МАЙ, корп. 7, кв.38;СТ;38;Стр. Резерв;32,8;2890015,54;1
МАЙ, корп. 7, кв.39;2К;39;Продажа;62,7;4639800;1
МАЙ, корп. 7, кв.40;СТ;40;Свободно;31,4;3171313,02;2
МАЙ, корп. 7, кв.41;СТ;41;Свободно;31,4;3171313,02;2
МАЙ, корп. 7, кв.42;1К;42;Продажа;41,5;3606327,18;1
МАЙ, корп. 8, кв.1;1К;1;Продажа;41,3;3465070;2
МАЙ, корп. 8, кв.2;СТ;2;Продажа;29,2;2705153,7;2
МАЙ, корп. 8, кв.3;СТ;3;Продажа;29,2;2495023,2;2
МАЙ, корп. 8, кв.4;СТ;4;Продажа;31,3;2871000,64;2
МАЙ, корп. 8, кв.5;СТ;5;Продажа;31,3;2674459,8;2
МАЙ, корп. 8, кв.6;СТ;6;Продажа;32,3;2815379,76;2
МАЙ, корп. 8, кв.7;СТ;7;Продажа;32,1;2715660;2
МАЙ, корп. 8, кв.8;СТ;8;Продажа;32,8;3071875,47;2
МАЙ, корп. 8, кв.9;1К;9;Продажа;39,6;3431656,8;2
МАЙ, корп. 8, кв.10;СТ;10;Продажа;32,3;3083024,66;2
МАЙ, корп. 8, кв.11;СТ;11;Продажа;31,3;2987574,98;2
МАЙ, корп. 8, кв.12;1К;12;Продажа;41,3;3832640;2
МАЙ, корп. 8, кв.13;СТ;13;Продажа;29,2;2732213,34;2
МАЙ, корп. 8, кв.14;СТ;14;Продажа;29,2;2470320;2
МАЙ, корп. 8, кв.15;СТ;15;Продажа;31,9;2902543,36;2
МАЙ, корп. 8, кв.16;СТ;16;Продажа;31,3;2728216,3;2
МАЙ, корп. 8, кв.17;СТ;17;Продажа;32,9;3333960;2
МАЙ, корп. 8, кв.18;СТ;18;Продажа;32,7;3314520;2
МАЙ, корп. 8, кв.19;1К;19;Продажа;36,8;3371417;2
МАЙ, корп. 8, кв.20;1К;20;Продажа;43,3;3752291,4;2
МАЙ, корп. 8, кв.21;СТ;21;Продажа;32,3;2904633,38;2
МАЙ, корп. 8, кв.22;СТ;22;Продажа;31,3;2582250;2
МАЙ, корп. 8, кв.23;1К;23;Продажа;41,3;3378340;2
МАЙ, корп. 8, кв.24;СТ;24;Продажа;29,2;2457420,9;2
МАЙ, корп. 8, кв.25;СТ;25;Продажа;29,8;2661984;2
МАЙ, корп. 8, кв.26;СТ;26;Продажа;31,3;2582250;2
МАЙ, корп. 8, кв.27;СТ;27;Продажа;31,9;3156840;2
МАЙ, корп. 8, кв.28;СТ;28;Продажа;32,3;2664750;2
МАЙ, корп. 8, кв.29;СТ;29;Продажа;32,7;2877085;2
МАЙ, корп. 8, кв.30;1К;30;Продажа;39,5;2926160;2
МАЙ, корп. 8, кв.31;1К;31;Продажа;46,9;4292452,15;2
МАЙ, корп. 8, кв.32;СТ;32;Продажа;32,3;2745494,51;2
МАЙ, корп. 8, кв.33;1К;33;Продажа;40,3;2632638;0
МАЙ, корп. 8, кв.34;2К;34;Продажа;62,3;4481875,08;0
МАЙ, корп. 8, кв.35;1К;35;Продажа;42,6;2733855;0
МАЙ, корп. 8, кв.36;1К;36;Продажа;44,8;2815949;0
МАЙ, корп. 8, кв.37;1К;37;Ус. Бронь;44,8;3609192,83;0
МАЙ, корп. 8, кв.38;1К;38;Пл. Бронь;42,6;3431955,68;0
МАЙ, корп. 8, кв.39;1К;39;Продажа;40,4;3254718,54;0
МАЙ, корп. 8, кв.40;2К;40;Продажа;59,3;4769138,46;0
МАЙ, корп. 8, кв.41;2К;41;Продажа;62,6;4329801;0
МАЙ, корп. 8, кв.42;2К;42;Продажа;62,9;4682390,33;0
МАЙ, корп. 8, кв.43;1К;43;Продажа;42,6;3273145,44;0
МАЙ, корп. 8, кв.44;1К;44;Продажа;45,4;3380087,66;0
МАЙ, корп. 8, кв.45;1К;45;Продажа;44,8;3503046,85;0
МАЙ, корп. 8, кв.46;1К;46;Продажа;42,6;3201047,07;0
МАЙ, корп. 8, кв.47;1К;47;Продажа;40,4;3158997,6;0
МАЙ, корп. 8, кв.48;2К;48;Продажа;59,9;4419729,89;0
МАЙ, корп. 8, кв.49;2К;49;Продажа;61,5;4434150;0
МАЙ, корп. 8, кв.50;2К;50;Продажа;62,9;4162010;0
МАЙ, корп. 8, кв.51;1К;51;Стр. Резерв;42,6;3235986,31;0
МАЙ, корп. 8, кв.52;1К;52;Продажа;45,4;3524040;0
МАЙ, корп. 8, кв.53;1К;53;Продажа;44,8;3336048,58;0
МАЙ, корп. 8, кв.54;1К;54;Продажа;42,6;2988965,1;0
МАЙ, корп. 8, кв.55;1К;55;Продажа;40,4;3008400,95;0
МАЙ, корп. 8, кв.56;2К;56;Продажа;59,9;4377248,81;0
МАЙ, корп. 8, кв.57;2К;57;Продажа;59,3;4963806,12;0
МАЙ, корп. 8, кв.58;1К;58;Продажа;40,4;3096753,32;0
МАЙ, корп. 8, кв.59;1К;59;Продажа;42,6;3364332,44;0
МАЙ, корп. 8, кв.60;1К;60;Продажа;44,8;3573458,11;0
МАЙ, корп. 8, кв.61;1К;61;Продажа;44,8;3235639,68;0
МАЙ, корп. 8, кв.62;1К;62;Стр. Резерв;42,6;3240738,34;0
МАЙ, корп. 8, кв.63;2К;63;Продажа;62,3;4336080;0
МАЙ, корп. 8, кв.64;1К;64;Продажа;40,3;2632637;0
МАЙ, корп. 8, кв.65;2К;65;Продажа;59,9;5080416,1;0
МАЙ, корп. 8, кв.66;1К;66;Продажа;40,4;3035734,78;0
МАЙ, корп. 8, кв.67;1К;67;Продажа;42,6;3298041,73;0
МАЙ, корп. 8, кв.68;1К;68;Продажа;44,8;3366359,36;0
МАЙ, корп. 8, кв.69;1К;69;Продажа;44,8;3538077,31;0
МАЙ, корп. 8, кв.70;1К;70;Продажа;42,6;3240737,92;0
МАЙ, корп. 8, кв.71;2К;71;Продажа;62,9;4403000;0
МАЙ, корп. 8, кв.72;2К;72;Продажа;62,6;4329801;0
МАЙ, корп. 8, кв.73;2К;73;Продажа;59,9;4832845,81;0
МАЙ, корп. 8, кв.74;1К;74;Продажа;40,4;2778752,4;0
МАЙ, корп. 8, кв.75;1К;75;Продажа;42,6;2930070,6;0
МАЙ, корп. 8, кв.76;1К;76;Продажа;44,8;3270315,33;0
МАЙ, корп. 8, кв.77;1К;77;Продажа;44,8;3336048,58;0
МАЙ, корп. 8, кв.78;1К;78;Продажа;42,6;3018391,48;0
МАЙ, корп. 8, кв.79;2К;79;Продажа;62,9;4340250;0
МАЙ, корп. 8, кв.80;2К;80;Продажа;62,1;5006291,48;0
МАЙ, корп. 8, кв.81;СТ;81;Продажа;32,3;2500414,71;0
МАЙ, корп. 8, кв.82;1К;82;Продажа;39,6;2619580;0
МАЙ, корп. 8, кв.83;СТ;83;Продажа;32,8;2229645,93;0
МАЙ, корп. 8, кв.84;СТ;84;Продажа;32,1;2484932,26;0
МАЙ, корп. 8, кв.85;СТ;85;Продажа;32,3;2451146,55;0
МАЙ, корп. 8, кв.86;СТ;86;Продажа;31,3;2375259,66;0
МАЙ, корп. 8, кв.87;СТ;87;Продажа;31,3;2193942,2;0
МАЙ, корп. 8, кв.88;СТ;88;Продажа;29,2;2260436,53;0
МАЙ, корп. 8, кв.89;СТ;89;Продажа;29,2;2283040,84;0
МАЙ, корп. 8, кв.90;1К;90;Продажа;41,3;3294281,7;0
МАЙ, корп. 8, кв.91;СТ;91;Продажа;32,3;2500414,71;0
МАЙ, корп. 8, кв.92;1К;92;Продажа;43,3;3477525,62;0
МАЙ, корп. 8, кв.93;1К;93;Продажа;36,2;2606400;0
МАЙ, корп. 8, кв.94;СТ;94;Свободно;32,7;2714100;0
МАЙ, корп. 8, кв.95;СТ;95;Продажа;32,3;2402849;0
МАЙ, корп. 8, кв.96;СТ;96;Стр. Резерв;31,3;2423002,49;0
МАЙ, корп. 8, кв.97;СТ;97;Продажа;31,3;2423002,49;0
МАЙ, корп. 8, кв.98;СТ;98;Продажа;29,8;1991808;0
МАЙ, корп. 8, кв.99;СТ;99;Продажа;29,2;2260430,4;0
МАЙ, корп. 8, кв.100;1К;100;Продажа;41,3;3103362,54;0
МАЙ, корп. 8, кв.101;СТ;101;Продажа;31,3;2423002,49;0
МАЙ, корп. 8, кв.102;СТ;102;Продажа;32,3;2424753,89;0
МАЙ, корп. 8, кв.103;1К;103;Продажа;46,9;3630060;0
МАЙ, корп. 8, кв.104;1К;104;Продажа;39,5;2537559;0
МАЙ, корп. 8, кв.105;СТ;105;Продажа;32,7;2294930,15;0
МАЙ, корп. 8, кв.106;СТ;106;Продажа;32,3;2376976,38;0
МАЙ, корп. 8, кв.107;СТ;107;Продажа;31,3;2257999,84;0
МАЙ, корп. 8, кв.108;СТ;108;Продажа;31,3;2326419,76;0
МАЙ, корп. 8, кв.109;СТ;109;Продажа;29,8;1859458;0
МАЙ, корп. 8, кв.110;СТ;110;Продажа;29,2;1740262;0
МАЙ, корп. 8, кв.111;1К;111;Продажа;41,3;2812530;0
МАЙ, корп. 8, кв.112;СТ;112;Ус. Бронь;31,3;2597900;0
Май, корп. 9, кв.1;1К;1;Продажа;41,3;3847425,4;2
Май, корп. 9, кв.2;СТ;2;Свободно;29,2;2920000;2
Май, корп. 9, кв.3;СТ;3;Продажа;29,2;2894654,4;2
Май, корп. 9, кв.4;СТ;4;Продажа;31,3;3133859,92;2
Май, корп. 9, кв.5;СТ;5;Пл. Бронь;31,3;3102831,6;2
Май, корп. 9, кв.6;СТ;6;Продажа;32,3;3201963,6;2
Май, корп. 9, кв.7;СТ;7;Продажа;32,1;3182137,2;2
Май, корп. 9, кв.8;СТ;8;Пл. Бронь;32,8;3514715,16;2
Май, корп. 9, кв.9;1К;9;Продажа;39,6;3880651,9;2
Май, корп. 9, кв.10;СТ;10;Свободно;32,3;3158265,25;2
Май, корп. 9, кв.11;СТ;11;Пл. Бронь;31,3;3060486,14;2
Май, корп. 9, кв.12;1К;12;Продажа;41,3;3847425,4;2
Май, корп. 9, кв.13;СТ;13;Продажа;29,2;2826881,2;2
Май, корп. 9, кв.14;СТ;14;Продажа;29,2;2923600,94;2
Май, корп. 9, кв.15;СТ;15;Пл. Бронь;31,9;3162310,8;2
Май, корп. 9, кв.16;СТ;16;Продажа;31,3;3102831,6;2
Май, корп. 9, кв.17;СТ;17;Ус. Бронь;32,9;3294057,23;2
Май, корп. 9, кв.18;СТ;18;Продажа;32,7;3241616,4;2
Май, корп. 9, кв.19;1К;19;Продажа;36,8;3826795,2;2
Май, корп. 9, кв.20;1К;20;Продажа;43,3;4243238,06;2
Май, корп. 9, кв.21;СТ;21;Продажа;32,3;3126995,3;2
Май, корп. 9, кв.22;СТ;22;Продажа;31,3;3005958,1;2
Май, корп. 9, кв.23;1К;23;Продажа;41,3;3815459,2;2
Май, корп. 9, кв.24;СТ;24;Продажа;29,2;2804280,4;2
Май, корп. 9, кв.25;СТ;25;Продажа;29,8;2931068,4;2
Май, корп. 9, кв.26;СТ;26;Продажа;31,3;3078605,4;2
Май, корп. 9, кв.27;СТ;27;Продажа;31,9;3137620,2;2
Май, корп. 9, кв.28;СТ;28;Пл. Бронь;32,3;3208733,03;2
Май, корп. 9, кв.29;СТ;29;Продажа;32,7;3216306,6;2
Май, корп. 9, кв.30;1К;30;Пл. Бронь;39,5;4117802,32;2
Май, корп. 9, кв.31;1К;31;Свободно;46,9;4559408,36;2
Май, корп. 9, кв.32;СТ;32;Пл. Бронь;32,3;3133015,05;2
Май, корп. 9, кв.33;1К;33;Продажа;40,3;3972532,2;2
Май, корп. 9, кв.34;2К;34;Продажа;62,3;6145708,1;2
Май, корп. 9, кв.35;1К;35;Продажа;42,2;4029213,8;2
Май, корп. 9, кв.36;1К;36;Продажа;47,5;4461770;2
Май, корп. 9, кв.37;1К;37;Продажа;47,5;4425005;2
Май, корп. 9, кв.38;1К;38;Продажа;42,2;3970580,28;2
Май, корп. 9, кв.39;1К;39;Ус. Бронь;40,4;3763583,2;2
Май, корп. 9, кв.40;2К;40;Продажа;59,3;5767396,44;2
Май, корп. 9, кв.41;2К;41;Продажа;62,6;6175302,2;2
Май, корп. 9, кв.42;2К;42;Продажа;62,9;6204896,3;2
Май, корп. 9, кв.43;1К;43;Продажа;42,2;4029213,8;2
Май, корп. 9, кв.44;1К;44;Продажа;48,1;4518129,2;2
Май, корп. 9, кв.45;1К;45;Пл. Бронь;47,5;4469255,05;2
Май, корп. 9, кв.46;1К;46;Продажа;42,2;3970580,28;2
Май, корп. 9, кв.47;1К;47;Продажа;40,4;3763583,2;2
Май, корп. 9, кв.48;2К;48;Продажа;59,9;5861993,7;2
Май, корп. 9, кв.49;2К;49;Продажа;61,7;6018574,5;2
Май, корп. 9, кв.50;2К;50;Пл. Бронь;62,9;6217138,53;2
Май, корп. 9, кв.51;1К;51;Пл. Бронь;42,2;4036516,51;2
Май, корп. 9, кв.52;1К;52;Продажа;48,1;4480899,8;2
Май, корп. 9, кв.53;1К;53;Пл. Бронь;47,5;4432122,4;2
Май, корп. 9, кв.54;1К;54;Продажа;42,2;3898604,8;2
Май, корп. 9, кв.55;1К;55;Продажа;40,4;3732313,6;2
Май, корп. 9, кв.56;2К;56;Пл. Бронь;59,9;5873182,42;2
Май, корп. 9, кв.57;СТ;57;Свободно;30,7;3169721,58;2
Май, корп. 9, кв.58;2К;58;Пл. Бронь;62,9;6466235,74;2
Май, корп. 9, кв.59;1К;59;Продажа;44,8;4416115,2;2
Май, корп. 9, кв.60;1К;60;Продажа;44,8;4277459,2;2
Май, корп. 9, кв.61;1К;61;Продажа;42,6;4067405,4;2
Май, корп. 9, кв.62;2К;62;Продажа;62,3;6243456,8;2
Май, корп. 9, кв.63;1К;63;Пл. Бронь;40,3;4030000;2
Май, корп. 9, кв.64;СТ;64;Свободно;30,7;3169721,58;2
Май, корп. 9, кв.65;2К;65;Продажа;63,7;6483640,8;2
Май, корп. 9, кв.66;1К;66;Продажа;44,8;4416115,2;2
Май, корп. 9, кв.67;1К;67;Продажа;44,8;4277459,2;2
Май, корп. 9, кв.68;1К;68;Свободно;42,6;4108079,45;2
Май, корп. 9, кв.69;2К;69;Пл. Бронь;62,9;6366622,26;2
Май, корп. 9, кв.70;2К;70;Продажа;62,3;6194613,6;2
Май, корп. 9, кв.71;СТ;71;Пл. Бронь;30,7;2333200;0
Май, корп. 9, кв.72;2К;72;Продажа;63,7;6533581,6;2
Май, корп. 9, кв.73;1К;73;Продажа;44,8;4450745,6;2
Май, корп. 9, кв.74;1К;74;Пл. Бронь;44,8;4312134,4;2
Май, корп. 9, кв.75;1К;75;Продажа;42,6;4100377,8;2
Май, корп. 9, кв.76;2К;76;Продажа;62,9;6352900;2
Май, корп. 9, кв.77;2К;77;Свободно;62,3;6305891,37;2
Май, корп. 9, кв.78;СТ;78;Свободно;32,3;3334918,8;2
Май, корп. 9, кв.79;1К;79;Продажа;39,6;4026052,8;2
Май, корп. 9, кв.80;СТ;80;Пл. Бронь;32,8;3386542,93;2
Май, корп. 9, кв.81;СТ;81;Свободно;32,1;3213958,57;2
Май, корп. 9, кв.82;СТ;82;Свободно;32,3;3233983,24;2
Май, корп. 9, кв.83;СТ;83;Свободно;31,3;3133859,92;2
Май, корп. 9, кв.84;СТ;84;Продажа;31,3;3102831,6;2
Май, корп. 9, кв.85;СТ;85;Продажа;29,2;2894654,4;2
Май, корп. 9, кв.86;СТ;86;Продажа;29,2;2984999,2;2
Май, корп. 9, кв.87;1К;87;Продажа;41,3;4071106,2;2
Май, корп. 9, кв.88;СТ;88;Пл. Бронь;32,3;3334918,8;2
Май, корп. 9, кв.89;1К;89;Продажа;43,3;4402224,4;2
Май, корп. 9, кв.90;1К;90;Продажа;36,2;3568378,8;2
Май, корп. 9, кв.91;СТ;91;Продажа;32,7;3241616,4;2
Май, корп. 9, кв.92;СТ;92;Свободно;32,3;3233983,24;2
Май, корп. 9, кв.93;СТ;93;Свободно;31,3;3192600;2
Май, корп. 9, кв.94;СТ;94;Пл. Бронь;31,3;3133859,92;2
Май, корп. 9, кв.95;СТ;95;Продажа;29,8;2954133,6;2
Май, корп. 9, кв.96;СТ;96;Продажа;29,2;2984999,2;2
Май, корп. 9, кв.97;1К;97;Пл. Бронь;41,3;4111817,26;2
Май, корп. 9, кв.98;СТ;98;Продажа;31,3;3199673,8;2
Май, корп. 9, кв.99;СТ;99;Продажа;32,3;3276931,9;2
Май, корп. 9, кв.100;1К;100;Продажа;46,9;3500000;0
Май, корп. 9, кв.101;1К;101;Продажа;39,5;3863100;2
Май, корп. 9, кв.102;СТ;102;Продажа;32,7;3216306,6;2
Май, корп. 9, кв.103;СТ;103;Продажа;32,3;3208733,03;2
Май, корп. 9, кв.104;СТ;104;Пл. Бронь;31,3;3109391,45;2
Май, корп. 9, кв.105;СТ;105;Пл. Бронь;31,3;3109391,45;2
Май, корп. 9, кв.106;СТ;106;Продажа;29,8;2931068,4;2
Май, корп. 9, кв.107;СТ;107;Продажа;29,2;2962427,6;2
Май, корп. 9, кв.108;1К;108;Продажа;41,3;4039140;2
Май, корп. 9, кв.109;СТ;109;Продажа;31,3;3175478,9;2
МАЙ, корп. 10, кв.1;1К;1;Продажа;41,3;3988024,64;2
МАЙ, корп. 10, кв.2;СТ;2;Продажа;29,2;2299314,29;0
МАЙ, корп. 10, кв.3;СТ;3;Пл. Бронь;29,2;2423600;0
МАЙ, корп. 10, кв.4;СТ;4;Продажа;31,3;1973215;0
МАЙ, корп. 10, кв.5;СТ;5;Продажа;31,3;2172220;0
МАЙ, корп. 10, кв.6;СТ;6;Продажа;32,3;2518252,7;0
МАЙ, корп. 10, кв.7;СТ;7;Продажа;32,1;2628990;0
МАЙ, корп. 10, кв.8;СТ;8;Продажа;32,8;2686320;0
МАЙ, корп. 10, кв.9;1К;9;Продажа;39,6;3117704,04;0
МАЙ, корп. 10, кв.10;СТ;10;Продажа;32,3;2500414,71;0
МАЙ, корп. 10, кв.11;СТ;11;Продажа;31,3;2423002,49;0
МАЙ, корп. 10, кв.12;1К;12;Продажа;41,3;3229371,31;0
МАЙ, корп. 10, кв.13;СТ;13;Ус. Бронь;29,2;2423600;0
МАЙ, корп. 10, кв.14;СТ;14;Продажа;29,2;2087884,39;0
МАЙ, корп. 10, кв.15;СТ;15;Продажа;31,9;2311020,06;0
МАЙ, корп. 10, кв.16;СТ;16;Продажа;31,3;2172220;0
МАЙ, корп. 10, кв.17;СТ;17;Продажа;32,9;2519693,55;0
МАЙ, корп. 10, кв.18;СТ;18;Продажа;32,7;2685174,23;0
МАЙ, корп. 10, кв.19;1К;19;Продажа;36,8;3044540;0
МАЙ, корп. 10, кв.20;1К;20;Продажа;43,3;3180263,76;0
МАЙ, корп. 10, кв.21;СТ;21;Продажа;32,3;2500414,71;0
МАЙ, корп. 10, кв.22;СТ;22;Продажа;31,3;2349684,11;0
МАЙ, корп. 10, кв.23;1К;23;Продажа;41,3;3014821,94;0
МАЙ, корп. 10, кв.24;СТ;24;Продажа;29,2;1984811,6;0
МАЙ, корп. 10, кв.25;СТ;25;Продажа;29,8;2099759,85;0
МАЙ, корп. 10, кв.26;СТ;26;Продажа;31,3;2106490;0
МАЙ, корп. 10, кв.27;СТ;27;Продажа;31,9;2241090,16;0
МАЙ, корп. 10, кв.28;СТ;28;Продажа;32,3;2257511,6;0
МАЙ, корп. 10, кв.29;СТ;29;Продажа;32,7;2504376,59;0
МАЙ, корп. 10, кв.30;1К;30;Продажа;39,5;3057300;0
МАЙ, корп. 10, кв.31;1К;31;Продажа;46,9;3382478,18;0
МАЙ, корп. 10, кв.32;СТ;32;Продажа;32,3;2424753,89;0
МАЙ, корп. 10, кв.33;1К;33;Продажа;40,3;2721378;0
МАЙ, корп. 10, кв.34;2К;34;Продажа;62,3;4052241;0
МАЙ, корп. 10, кв.35;1К;35;Продажа;42,2;2580741;0
МАЙ, корп. 10, кв.36;1К;36;Продажа;47,5;3543406,9;0
МАЙ, корп. 10, кв.37;1К;37;Пл. Бронь;47,5;3826711,15;0
МАЙ, корп. 10, кв.38;1К;38;Продажа;42,2;3399730,75;0
МАЙ, корп. 10, кв.39;1К;39;Продажа;40,4;3158997,6;0
МАЙ, корп. 10, кв.40;2К;40;Свободно;59,3;5131729,49;0
МАЙ, корп. 10, кв.41;2К;41;Продажа;62,6;4388391;0
МАЙ, корп. 10, кв.42;2К;42;Продажа;62,9;4227789;0
МАЙ, корп. 10, кв.43;1К;43;Продажа;42,2;3186100;0
МАЙ, корп. 10, кв.44;1К;44;Продажа;48,1;3575092,63;0
МАЙ, корп. 10, кв.45;1К;45;Продажа;47,5;3826711,15;0
МАЙ, корп. 10, кв.46;1К;46;Продажа;42,2;3170990,29;0
МАЙ, корп. 10, кв.47;1К;47;Продажа;40,4;3222493,48;0
МАЙ, корп. 10, кв.48;2К;48;Продажа;59,9;4591370;0
МАЙ, корп. 10, кв.49;2К;49;Продажа;61,5;5030755,97;0
МАЙ, корп. 10, кв.50;2К;50;Продажа;62,9;4184322;0
МАЙ, корп. 10, кв.51;1К;51;Продажа;42,2;3084820;0
МАЙ, корп. 10, кв.52;1К;52;Продажа;48,1;3370949,97;0
МАЙ, корп. 10, кв.53;1К;53;Продажа;47,5;3680725,6;0
МАЙ, корп. 10, кв.54;1К;54;Продажа;42,2;3205601,46;0
МАЙ, корп. 10, кв.55;1К;55;Продажа;40,4;3068869,65;0
МАЙ, корп. 10, кв.56;2К;56;Продажа;59,9;4899876,31;0
МАЙ, корп. 10, кв.57;2К;57;Продажа;59,3;4931491,18;0
МАЙ, корп. 10, кв.58;1К;58;Пл. Бронь;40,4;3353200;0
МАЙ, корп. 10, кв.59;1К;59;Продажа;42,6;3201047,07;0
МАЙ, корп. 10, кв.60;1К;60;Продажа;44,8;3290434,56;0
МАЙ, корп. 10, кв.61;1К;61;Продажа;44,8;3221370;0
МАЙ, корп. 10, кв.62;1К;62;Продажа;42,6;2573040;0
МАЙ, корп. 10, кв.63;2К;63;Стр. Резерв;62,3;5170900;0
МАЙ, корп. 10, кв.64;1К;64;Продажа;40,3;2366416;0
МАЙ, корп. 10, кв.65;2К;65;Продажа;59,9;4591370;0
МАЙ, корп. 10, кв.66;1К;66;Продажа;40,4;2832040;0
МАЙ, корп. 10, кв.67;1К;67;Ус. Бронь;42,6;3706200;0
МАЙ, корп. 10, кв.68;1К;68;Продажа;44,8;3225600;0
МАЙ, корп. 10, кв.69;1К;69;Продажа;44,8;3225600;0
МАЙ, корп. 10, кв.70;1К;70;Продажа;42,6;3145428,51;0
МАЙ, корп. 10, кв.71;2К;71;Продажа;62,9;4999053,61;0
МАЙ, корп. 10, кв.72;2К;72;Продажа;62,6;4388391;0
МАЙ, корп. 10, кв.73;2К;73;Продажа;59,9;4010859;0
МАЙ, корп. 10, кв.74;1К;74;Продажа;40,4;3042120;0
МАЙ, корп. 10, кв.75;1К;75;Продажа;42,6;2662269;0
МАЙ, корп. 10, кв.76;1К;76;Продажа;44,8;2878130;0
МАЙ, корп. 10, кв.77;1К;77;Продажа;44,8;3136000;0
МАЙ, корп. 10, кв.78;1К;78;Продажа;42,6;2815860;0
МАЙ, корп. 10, кв.79;2К;79;Продажа;62,9;4404550;0
МАЙ, корп. 10, кв.80;2К;80;Продажа;62,1;4198643,72;0
МАЙ, корп. 11, кв.1;;1;Оценка;42,7;3750367,05;0
МАЙ, корп. 11, кв.2;;2;Оценка;85,1;6273795,81;0
МАЙ, корп. 11, кв.3;;3;Оценка;73,3;5145900,42;0
МАЙ, корп. 11, кв.4;;4;Оценка;48,2;3628658,92;0
МАЙ, корп. 11, кв.5;;5;Оценка;80,9;6045861,68;0
МАЙ, корп. 11, кв.6;;6;Оценка;64,8;5038330,9;0
МАЙ, корп. 11, кв.7;;7;Оценка;81,3;6175275,65;0
МАЙ, корп. 11, кв.8;;8;Оценка;66,8;4840855,72;0
МАЙ, корп. 11, кв.9;;9;Оценка;43,6;3574120,46;0
МАЙ, корп. 11, кв.10;;10;Оценка;66,7;5135709,91;0
МАЙ, корп. 11, кв.11;;11;Оценка;64,6;5022780,49;0
МАЙ, корп. 11, кв.12;;12;Оценка;80,4;6106914,66;0
МАЙ, корп. 11, кв.13;;13;Оценка;67,3;4877089,67;0
МАЙ, корп. 11, кв.14;;14;Оценка;43,5;3565922,94;0
МАЙ, корп. 11, кв.15;;15;Оценка;66,2;5097211,33;0
МАЙ, корп. 11, кв.16;;16;Оценка;54,8;4583921,36;0
МАЙ, корп. 11, кв.17;;17;Оценка;76,4;5248185,69;0
МАЙ, корп. 11, кв.18;;18;Оценка;48,3;4161414,5;0
МАЙ, корп. 11, кв.19;;19;Стр. Резерв;42,4;3476452,32;0
МАЙ, корп. 11, кв.20;;20;Оценка;48,4;4170030,26;0
МАЙ, корп. 11, кв.21;;21;Оценка;48,1;4144182,97;0
МАЙ, корп. 11, кв.22;;22;Оценка;42,4;3511216,93;0
МАЙ, корп. 11, кв.23;;23;Оценка;48,2;4152798,73;0
МАЙ, корп. 11, кв.24;;24;Оценка;48,6;3998869,72;0
МАЙ, корп. 11, кв.25;;25;Оценка;71,5;5235428,77;0
МАЙ, корп. 11, кв.26;;26;Оценка;49,1;3737485,13;0
МАЙ, корп. 11, кв.27;;27;Оценка;51;4266058,2;0
МАЙ, корп. 11, кв.28;;28;Оценка;41,1;3678596,73;0
МАЙ, корп. 11, кв.29;;29;Оценка;64,2;4991679,68;0
МАЙ, корп. 11, кв.30;;30;Оценка;44,9;3718246,23;0
МАЙ, корп. 11, кв.31;;31;Оценка;63,1;4906152,46;0
МАЙ, корп. 11, кв.32;;32;Оценка;77,1;5936480,27;0
МАЙ, корп. 11, кв.33;;33;Оценка;85,3;6954201,07;0
МАЙ, корп. 11, кв.34;;34;Оценка;63;4898377,26;0
МАЙ, корп. 12, кв.1;;1;Оценка;48,9;3949727,33;0
МАЙ, корп. 12, кв.2;;2;Оценка;70,7;5123480,53;0
МАЙ, корп. 12, кв.3;;3;Оценка;93;6717695,04;0
МАЙ, корп. 12, кв.4;;4;Оценка;42;3688885,62;0
МАЙ, корп. 12, кв.5;;5;Оценка;63,5;4745515,66;0
МАЙ, корп. 12, кв.6;;6;Оценка;44,2;3623305,61;0
МАЙ, корп. 12, кв.7;;7;Оценка;63,4;4785901,16;0
МАЙ, корп. 12, кв.8;;8;Оценка;76,7;5789883,58;0
МАЙ, корп. 12, кв.9;;9;Оценка;85,3;6696638,57;0
МАЙ, корп. 12, кв.10;;10;Оценка;63,3;4778352,42;0
МАЙ, корп. 12, кв.11;;11;Оценка;75,3;5513675,33;0
МАЙ, корп. 12, кв.12;;12;Оценка;54;4381492,5;0
МАЙ, корп. 12, кв.13;;13;Оценка;48,5;4056937,7;0
МАЙ, корп. 12, кв.14;;14;Стр. Резерв;41,6;3376405,76;0
МАЙ, корп. 12, кв.15;;15;Оценка;49,3;4123856,26;0
МАЙ, корп. 12, кв.16;;16;Оценка;48,9;4090396,98;0
МАЙ, корп. 12, кв.17;;17;Оценка;41,6;3410169,98;0
МАЙ, корп. 12, кв.18;;18;Оценка;48,2;4031843,24;0
МАЙ, корп. 12, кв.19;;19;Оценка;79,6;5768444,84;0
МАЙ, корп. 12, кв.20;;20;Оценка;48,2;3628658,92;0
МАЙ, корп. 12, кв.21;;21;Оценка;73,3;5145900,42;0
МАЙ, корп. 12, кв.22;;22;Оценка;85,1;6083680,71;0
МАЙ, корп. 12, кв.23;;23;Оценка;41,4;3532296,02;0
МАЙ, корп. 12, кв.24;;24;Оценка;66,7;4984659,75;0
МАЙ, корп. 12, кв.25;;25;Оценка;43,6;3574120,46;0
МАЙ, корп. 12, кв.26;;26;Оценка;66,8;5364191,64;0
МАЙ, корп. 12, кв.27;;27;Оценка;81,3;5993649,82;0
МАЙ, корп. 12, кв.28;;28;Оценка;64,8;4891583,52;0
МАЙ, корп. 12, кв.29;;29;Оценка;66,2;4947293,49;0
МАЙ, корп. 12, кв.30;;30;Оценка;43,5;3565922,94;0
МАЙ, корп. 12, кв.31;;31;Оценка;67,3;4877089,67;0
МАЙ, корп. 12, кв.32;;32;Оценка;80,4;5927299,45;0
МАЙ, корп. 12, кв.33;;33;Оценка;64,6;4876486,04;0
МАЙ, корп. 13, кв.1;1К;1;Свободно;42,7;3643213,53;0
МАЙ, корп. 13, кв.2;3К;2;Свободно;85,1;6083680,71;0
МАЙ, корп. 13, кв.3;2К;3;Пл. Бронь;73,3;5145900,42;0
МАЙ, корп. 13, кв.4;1К;4;Продажа;48,2;3557160;0
МАЙ, корп. 13, кв.5;2К;5;Свободно;80,9;5862653,11;0
МАЙ, корп. 13, кв.6;2К;6;Свободно;64,8;4891583,52;0
МАЙ, корп. 13, кв.7;3К;7;Пл. Бронь;81,3;5993649,82;0
МАЙ, корп. 13, кв.8;2К;8;Пл. Бронь;66,8;4840855,72;0
МАЙ, корп. 13, кв.9;1К;9;Пл. Бронь;43,6;3574120,46;0
МАЙ, корп. 13, кв.10;2К;10;Свободно;66,7;4984659,75;0
МАЙ, корп. 13, кв.11;2К;11;Свободно;64,6;4876486,04;0
МАЙ, корп. 13, кв.12;3К;12;Пл. Бронь;80,4;5927299,45;0
МАЙ, корп. 13, кв.13;2К;13;Пл. Бронь;67,3;4877089,67;0
МАЙ, корп. 13, кв.14;1К;14;Свободно;43,5;3565922,94;0
МАЙ, корп. 13, кв.15;2К;15;Свободно;66,2;4947293,49;0
МАЙ, корп. 13, кв.16;1К;16;Свободно;54,8;4446403,5;0
МАЙ, корп. 13, кв.17;2К;17;Пл. Бронь;76,4;5248185,69;0
МАЙ, корп. 13, кв.18;1К;18;Свободно;48,3;4040208,06;0
МАЙ, корп. 13, кв.19;1К;19;Продажа;42,4;3475750,18;0
МАЙ, корп. 13, кв.20;1К;20;Свободно;48,4;4048572,88;0
МАЙ, корп. 13, кв.21;1К;21;Свободно;48,1;4023478,42;0
МАЙ, корп. 13, кв.22;1К;22;Свободно;42,4;3475750,18;0
МАЙ, корп. 13, кв.23;1К;23;Свободно;48,2;4031843,24;0
МАЙ, корп. 13, кв.24;2К;24;Продажа;48,6;3538615,09;0
МАЙ, корп. 13, кв.25;2К;25;Свободно;71,5;5235428,77;0
МАЙ, корп. 13, кв.26;1К;26;Продажа;49,1;3737485,13;0
МАЙ, корп. 13, кв.27;1К;27;Свободно;51;4138076,25;0
МАЙ, корп. 13, кв.28;2К;28;Продажа;41,1;3540058,08;0
МАЙ, корп. 13, кв.29;2К;29;Пл. Бронь;64,2;4846291,08;0
МАЙ, корп. 13, кв.30;1К;30;Свободно;44,9;3718246,23;0
МАЙ, корп. 13, кв.31;2К;31;Свободно;63,1;4763254,94;0
МАЙ, корп. 13, кв.32;2К;32;Продажа;77,1;5761878,06;0
МАЙ, корп. 13, кв.33;2К;33;Свободно;85,3;7614028,98;0
МАЙ, корп. 13, кв.34;2К;34;Свободно;63;4755706,2;0
МАЙ, корп. 14, кв.1;2К;1;Свободно;48,5;3917418,72;0
МАЙ, корп. 14, кв.2;2К;2;Продажа;70,7;5123480,53;0
МАЙ, корп. 14, кв.3;3К;3;Свободно;93;6717695,04;0
МАЙ, корп. 14, кв.4;2К;4;Свободно;42;3688885,62;0
МАЙ, корп. 14, кв.5;2К;5;Продажа;63,5;4793449,9;0
МАЙ, корп. 14, кв.6;1К;6;Свободно;44,2;3623305,61;0
МАЙ, корп. 14, кв.7;2К;7;Свободно;63,4;4785901,16;0
МАЙ, корп. 14, кв.8;2К;8;Пл. Бронь;76,7;5789883,58;0
МАЙ, корп. 14, кв.9;2К;9;Продажа;85,3;6696638,57;0
МАЙ, корп. 14, кв.10;2К;10;Пл. Бронь;63,3;4778352,42;0
МАЙ, корп. 14, кв.11;2К;11;Свободно;75,3;5513675,33;0
МАЙ, корп. 14, кв.12;1К;12;Свободно;54;4381492,5;0
МАЙ, корп. 14, кв.13;1К;13;Свободно;48,5;4056937,7;0
МАЙ, корп. 14, кв.14;1К;14;Оценка;41,6;3376405,76;0
МАЙ, корп. 14, кв.15;1К;15;Свободно;49,3;4123856,26;0
МАЙ, корп. 14, кв.16;1К;16;Свободно;48,9;4090396,98;0
МАЙ, корп. 14, кв.17;1К;17;Продажа;41,6;3410169,98;0
МАЙ, корп. 14, кв.18;1К;18;Свободно;48,2;4031843,24;0
МАЙ, корп. 14, кв.19;1К;19;Свободно;50,3;4081279,13;0
МАЙ, корп. 14, кв.20;1К;20;Продажа;54,3;4133308,4;0
МАЙ, корп. 14, кв.21;3К;21;Свободно;87;6608228,55;0
МАЙ, корп. 14, кв.22;1К;22;Свободно;63,2;5075103,46;0
МАЙ, корп. 14, кв.23;2К;23;Свободно;70;5284118;0
МАЙ, корп. 14, кв.24;1К;24;Свободно;50,5;3970780,16;0
МАЙ, корп. 14, кв.25;3К;25;Свободно;77,7;6075414,28;0
МАЙ, корп. 14, кв.26;1К;26;Свободно;52,1;4314490,61;0
МАЙ, корп. 14, кв.27;2К;27;Свободно;69,1;5216179,34;0
МАЙ, корп. 14, кв.28;1К;28;Свободно;50,4;3962917,22;0
МАЙ, корп. 14, кв.29;3К;29;Свободно;77,5;6059776,15;0
МАЙ, корп. 14, кв.30;1К;30;Свободно;52,1;4314490,61;0
МАЙ, корп. 15, кв.1;;1;Оценка;42,7;3750367,05;0
МАЙ, корп. 15, кв.2;;2;Оценка;85,1;6273795,81;0
МАЙ, корп. 15, кв.3;;3;Оценка;73,3;5145900,42;0
МАЙ, корп. 15, кв.4;;4;Оценка;48,2;3628658,92;0
МАЙ, корп. 15, кв.5;;5;Оценка;80,9;6045861,68;0
МАЙ, корп. 15, кв.6;;6;Оценка;64,8;5038330,9;0
МАЙ, корп. 15, кв.7;;7;Оценка;81,3;6175275,65;0
МАЙ, корп. 15, кв.8;;8;Оценка;66,8;4840855,72;0
МАЙ, корп. 15, кв.9;;9;Оценка;43,6;3574120,46;0
МАЙ, корп. 15, кв.10;;10;Оценка;66,7;5135709,91;0
МАЙ, корп. 15, кв.11;;11;Оценка;64,6;5022780,49;0
МАЙ, корп. 15, кв.12;;12;Оценка;80,4;6106914,66;0
МАЙ, корп. 15, кв.13;;13;Оценка;67,3;4877089,67;0
МАЙ, корп. 15, кв.14;;14;Оценка;43,5;3565922,94;0
МАЙ, корп. 15, кв.15;;15;Оценка;66,2;5097211,33;0
МАЙ, корп. 15, кв.16;;16;Оценка;54,8;4583921,36;0
МАЙ, корп. 15, кв.17;;17;Оценка;76,4;5248185,69;0
МАЙ, корп. 15, кв.18;;18;Оценка;48,3;4161414,5;0
МАЙ, корп. 15, кв.19;;19;Стр. Резерв;42,4;3476452,32;0
МАЙ, корп. 15, кв.20;;20;Оценка;48,4;4170030,26;0
МАЙ, корп. 15, кв.21;;21;Оценка;48,1;4144182,97;0
МАЙ, корп. 15, кв.22;;22;Оценка;42,4;3511216,93;0
МАЙ, корп. 15, кв.23;;23;Оценка;48,2;4152798,73;0
МАЙ, корп. 15, кв.24;;24;Оценка;48,6;3998869,72;0
МАЙ, корп. 15, кв.25;;25;Оценка;71,5;5181454,85;0
МАЙ, корп. 15, кв.26;;26;Оценка;49,1;3737485,13;0
МАЙ, корп. 15, кв.27;;27;Оценка;51;4266058,2;0
МАЙ, корп. 15, кв.28;;28;Оценка;41,1;3678596,73;0
МАЙ, корп. 15, кв.29;;29;Оценка;64,2;4846291,08;0
МАЙ, корп. 15, кв.30;;30;Оценка;44,9;3718246,23;0
МАЙ, корп. 15, кв.31;;31;Оценка;63,1;4858520,17;0
МАЙ, корп. 15, кв.32;;32;Оценка;77,1;5936480,27;0
МАЙ, корп. 15, кв.33;;33;Оценка;85,3;6761028,98;0
МАЙ, корп. 15, кв.34;;34;Оценка;63;4850820,45;0
МАЙ, корп. 16, кв.1;;1;Оценка;48,9;3949727,33;0
МАЙ, корп. 16, кв.2;;2;Оценка;70,7;5123480,53;0
МАЙ, корп. 16, кв.3;;3;Оценка;93;6717695,04;0
МАЙ, корп. 16, кв.4;;4;Оценка;42;3688885,62;0
МАЙ, корп. 16, кв.5;;5;Оценка;63,5;4745515,66;0
МАЙ, корп. 16, кв.6;;6;Оценка;44,2;3623305,61;0
МАЙ, корп. 16, кв.7;;7;Оценка;63,4;4785901,16;0
МАЙ, корп. 16, кв.8;;8;Оценка;76,7;5789883,58;0
МАЙ, корп. 16, кв.9;;9;Оценка;85,3;6696638,57;0
МАЙ, корп. 16, кв.10;;10;Оценка;63,3;4778352,42;0
МАЙ, корп. 16, кв.11;;11;Оценка;75,3;5513675,33;0
МАЙ, корп. 16, кв.12;;12;Оценка;54;4381492,5;0
МАЙ, корп. 16, кв.13;;13;Оценка;48,5;4056937,7;0
МАЙ, корп. 16, кв.14;;14;Стр. Резерв;41,6;3376405,76;0
МАЙ, корп. 16, кв.15;;15;Оценка;49,3;4123856,26;0
МАЙ, корп. 16, кв.16;;16;Оценка;48,9;4090396,98;0
МАЙ, корп. 16, кв.17;;17;Оценка;41,6;3410169,98;0
МАЙ, корп. 16, кв.18;;18;Оценка;48,2;4031843,24;0
МАЙ, корп. 16, кв.19;;19;Оценка;79,6;5768444,84;0
МАЙ, корп. 16, кв.20;;20;Оценка;48,2;3628658,92;0
МАЙ, корп. 16, кв.21;;21;Оценка;73,3;5145900,42;0
МАЙ, корп. 16, кв.22;;22;Оценка;85,1;6273795,81;0
МАЙ, корп. 16, кв.23;;23;Оценка;41,4;3532296,02;0
МАЙ, корп. 16, кв.24;;24;Оценка;66,7;4984659,75;0
МАЙ, корп. 16, кв.25;;25;Оценка;43,6;3574120,46;0
МАЙ, корп. 16, кв.26;;26;Оценка;66,8;5364191,64;0
МАЙ, корп. 16, кв.27;;27;Оценка;81,3;6175275,65;0
МАЙ, корп. 16, кв.28;;28;Оценка;64,8;4891583,52;0
МАЙ, корп. 16, кв.29;;29;Оценка;66,2;4947293,49;0
МАЙ, корп. 16, кв.30;;30;Оценка;43,5;3565922,94;0
МАЙ, корп. 16, кв.31;;31;Оценка;67,3;4877089,67;0
МАЙ, корп. 16, кв.32;;32;Оценка;80,4;6106914,66;0
МАЙ, корп. 16, кв.33;;33;Оценка;64,6;4876486,04;0
МАЙ, корп. 17, кв.1;1К;1;Свободно;42,7;3643213,53;0
МАЙ, корп. 17, кв.2;3К;2;Свободно;85,1;6273795,81;0
МАЙ, корп. 17, кв.3;2К;3;Продажа;73,3;5145900,42;0
МАЙ, корп. 17, кв.4;1К;4;Продажа;48,2;3557160;0
МАЙ, корп. 17, кв.5;2К;5;Свободно;80,9;5862653,11;0
МАЙ, корп. 17, кв.6;2К;6;Свободно;64,8;4891583,52;0
МАЙ, корп. 17, кв.7;3К;7;Свободно;81,3;6175275,65;0
МАЙ, корп. 17, кв.8;2К;8;Пл. Бронь;66,8;4840855,72;0
МАЙ, корп. 17, кв.9;1К;9;Продажа;43,6;3574120,46;0
МАЙ, корп. 17, кв.10;2К;10;Продажа;66,7;4984659,75;0
МАЙ, корп. 17, кв.11;2К;11;Свободно;64,6;4876486,04;0
МАЙ, корп. 17, кв.12;3К;12;Свободно;80,4;6106914,66;0
МАЙ, корп. 17, кв.13;2К;13;Продажа;67,3;4780992;0
МАЙ, корп. 17, кв.14;1К;14;Пл. Бронь;43,5;3565922,94;0
МАЙ, корп. 17, кв.15;2К;15;Продажа;66,2;4898310,12;0
МАЙ, корп. 17, кв.16;1К;16;Свободно;54,8;5542403,5;2
МАЙ, корп. 17, кв.17;2К;17;Свободно;76,4;7081821,6;2
МАЙ, корп. 17, кв.18;1К;18;Свободно;48,3;5006208,06;2
МАЙ, корп. 17, кв.19;1К;19;Оценка;42,4;4324452,32;2
МАЙ, корп. 17, кв.20;1К;20;Свободно;48,4;5016572,88;2
МАЙ, корп. 17, кв.21;1К;21;Свободно;48,1;4985478,42;2
МАЙ, корп. 17, кв.22;1К;22;Свободно;42,4;4452000;2
МАЙ, корп. 17, кв.23;1К;23;Свободно;48,2;4995843,24;2
МАЙ, корп. 17, кв.24;2К;24;Свободно;48,6;4860808,7;2
МАЙ, корп. 17, кв.25;2К;25;Свободно;71,5;6665428,77;2
МАЙ, корп. 17, кв.26;1К;26;Свободно;49,1;4719485,13;2
МАЙ, корп. 17, кв.27;1К;27;Свободно;51;5158076,25;2
МАЙ, корп. 17, кв.28;2К;28;Свободно;41,1;4397458,74;2
МАЙ, корп. 17, кв.29;2К;29;Свободно;64,2;6130291,08;2
МАЙ, корп. 17, кв.30;1К;30;Свободно;44,9;4616246,23;2
МАЙ, корп. 17, кв.31;2К;31;Свободно;63,1;6025254,94;2
МАЙ, корп. 17, кв.32;2К;32;Свободно;77,1;7303878,06;2
МАЙ, корп. 17, кв.33;2К;33;Продажа;85,3;7187528,98;0
МАЙ, корп. 17, кв.34;2К;34;Свободно;63;6015706,2;2
МАЙ, корп. 18, кв.1;2К;1;Свободно;48,5;3917418,72;0
МАЙ, корп. 18, кв.2;2К;2;Свободно;70,7;5225950,14;0
МАЙ, корп. 18, кв.3;3К;3;Свободно;93;6852048,94;0
МАЙ, корп. 18, кв.4;2К;4;Продажа;42;3688885,62;0
МАЙ, корп. 18, кв.5;2К;5;Ус. Бронь;63,5;4745515,66;0
МАЙ, корп. 18, кв.6;1К;6;Свободно;44,2;3623305,61;0
МАЙ, корп. 18, кв.7;2К;7;Ус. Бронь;63,4;4785901,16;0
МАЙ, корп. 18, кв.8;2К;8;Свободно;76,7;5789883,58;0
МАЙ, корп. 18, кв.9;2К;9;Пл. Бронь;85,3;7123138,57;0
МАЙ, корп. 18, кв.10;2К;10;Пл. Бронь;63,3;4778352,42;0
МАЙ, корп. 18, кв.11;2К;11;Свободно;75,3;7019675,33;2
МАЙ, корп. 18, кв.12;1К;12;Свободно;54;5461492,5;2
МАЙ, корп. 18, кв.13;1К;13;Свободно;48,5;5026937,7;2
МАЙ, корп. 18, кв.14;1К;14;Оценка;41,6;4208405,76;2
МАЙ, корп. 18, кв.15;1К;15;Свободно;49,3;5109856,26;2
МАЙ, корп. 18, кв.16;1К;16;Стр. Резерв;48,9;5068396,98;2
МАЙ, корп. 18, кв.17;1К;17;Свободно;41,6;4242169,98;2
МАЙ, корп. 18, кв.18;1К;18;Свободно;48,2;4995843,24;2
МАЙ, корп. 18, кв.19;1К;19;Свободно;50,3;5087279,13;2
МАЙ, корп. 18, кв.20;1К;20;Продажа;54,3;4133308,4;0
МАЙ, корп. 18, кв.21;3К;21;Свободно;87;8348228,55;2
МАЙ, корп. 18, кв.22;1К;22;Свободно;63,2;6339103,46;2
МАЙ, корп. 18, кв.23;2К;23;Свободно;70;6684118;2
МАЙ, корп. 18, кв.24;1К;24;Свободно;50,5;4980780,16;2
МАЙ, корп. 18, кв.25;3К;25;Свободно;77,7;7629414,28;2
МАЙ, корп. 18, кв.26;1К;26;Свободно;52,1;5356490,61;2
МАЙ, корп. 18, кв.27;2К;27;Свободно;69,1;6598179,34;2
МАЙ, корп. 18, кв.28;1К;28;Свободно;50,4;4970917,22;2
МАЙ, корп. 18, кв.29;3К;29;Свободно;77,5;7609776,15;2
МАЙ, корп. 18, кв.30;1К;30;Свободно;52,1;5356490,61;2
МАЙ, корп. 19, кв.1;;1;Оценка;87,4;6539647,32;0
МАЙ, корп. 19, кв.2;;2;Оценка;108,7;8281991,05;0
МАЙ, корп. 19, кв.3;;3;Оценка;107,4;8436022,98;0
МАЙ, корп. 19, кв.4;;4;Оценка;86,1;7086612,9;0
МАЙ, корп. 19, кв.5;;5;Оценка;94,7;7661621,11;0
МАЙ, корп. 19, кв.6;;6;Оценка;95,6;7659342,94;0
МАЙ, корп. 19, кв.7;;7;Оценка;73,8;5706103,82;0
МАЙ, корп. 19, кв.8;;8;Оценка;96,6;7587707,82;0
МАЙ, корп. 19, кв.9;;9;Оценка;91,7;7852480,99;0
МАЙ, корп. 19, кв.10;;10;Оценка;92,5;7844084,18;0
МАЙ, корп. 19, кв.11;;11;Оценка;89,2;7341763,88;0
МАЙ, корп. 19, кв.12;;12;Оценка;109,3;8585263,61;0
МАЙ, корп. 19, кв.13;;13;Оценка;76,3;5709097,14;0
МАЙ, корп. 19, кв.14;;14;Оценка;83,1;6908780,27;0
МАЙ, корп. 19, кв.15;;15;Оценка;87,6;7064415,28;0
МАЙ, корп. 19, кв.16;;16;Оценка;76,7;5739026,88;0
МАЙ, корп. 19, кв.17;;17;Оценка;85,3;6808016,49;0
МАЙ, корп. 19, кв.18;;18;Оценка;79,3;6592855,3;0
МАЙ, корп. 19, кв.19;;19;Стр. Резерв;63,9;4891733,51;0
МАЙ, корп. 19, кв.20;;20;Оценка;71,4;5876703,38;0
МАЙ, корп. 19, кв.21;;21;Оценка;71,9;5559198,71;0
МАЙ, корп. 19, кв.22;;22;Оценка;92,7;7499812,85;0
МАЙ, корп. 19, кв.23;;23;Оценка;81,6;6784073,04;0
МАЙ, корп. 19, кв.24;;24;Оценка;63,8;4932919,02;0
МАЙ, корп. 19, кв.25;;25;Оценка;67,5;5555706,98;0
МАЙ, корп. 19, кв.26;;26;Оценка;72,8;5628785,34;0
МАЙ, корп. 19, кв.27;;27;Оценка;92,7;7499812,85;0
МАЙ, корп. 19, кв.28;;28;Оценка;74,4;5566930,9;0
МАЙ, корп. 19, кв.29;;29;Оценка;83,4;6656372,51;0
МАЙ, корп. 19, кв.30;;30;Оценка;112,3;8556279,62;0
МАЙ, корп. 19, кв.31;;31;Оценка;130,9;9973437,24;0
МАЙ, корп. 19, кв.32;;32;Оценка;71,6;6131271,96;0
МАЙ, корп. 19, кв.33;;33;Оценка;72,9;5636517,19;0
МАЙ, корп. 19, кв.34;;34;Оценка;69,8;5396829,9;0
МАЙ, корп. 19, кв.35;;35;Оценка;65,2;5366401,4;0
МАЙ, корп. 19, кв.36;;36;Оценка;102,1;8019720,17;0
МАЙ, корп. 19, кв.37;;37;Оценка;71,6;6131271,96;0
МАЙ, корп. 19, кв.38;;38;Оценка;72,9;5636517,19;0
МАЙ, корп. 19, кв.39;;39;Оценка;69,8;5396829,9;0
МАЙ, корп. 19, кв.40;;40;Оценка;65,2;5366401,4;0
МАЙ, корп. 19, кв.41;;41;Оценка;99,2;7791931,84;0
МАЙ, корп. 19, кв.42;;42;Оценка;84,6;6963152,74;0
МАЙ, корп. 19, кв.43;;43;Оценка;114,2;8970147,34;0
МАЙ, корп. 19, кв.44;;44;Оценка;87,3;6604744,36;0
МАЙ, корп. 19, кв.45;;45;Оценка;109,3;8327705,81;0
МАЙ, корп. 19, кв.46;;46;Оценка;93,8;7515129,37;0
МАЙ, корп. 19, кв.47;;47;Оценка;96,3;7791067,72;0
МАЙ, корп. 19, кв.48;;48;Оценка;78,4;6126949,02;0
МАЙ, корп. 19, кв.49;;49;Оценка;93;6793590,48;0
МАЙ, корп. 19, кв.50;;50;Оценка;90,8;7699922,63;0
МАЙ, корп. 19, кв.51;;51;Оценка;93,3;7989492,66;0
МАЙ, корп. 19, кв.52;;52;Оценка;93,8;7798358,47;0
МАЙ, корп. 19, кв.53;;53;Оценка;105,7;8219466,65;0
МАЙ, корп. 20, кв.1;2К;1;Оценка;87,4;6539647,32;0
МАЙ, корп. 20, кв.2;3К;2;Оценка;108,7;8196609,37;0
МАЙ, корп. 20, кв.3;3К;3;Оценка;107,4;8436022,98;0
МАЙ, корп. 20, кв.4;2К;4;Оценка;86,1;6943449,26;0
МАЙ, корп. 20, кв.5;3К;5;Оценка;94,7;7661621,11;0
МАЙ, корп. 20, кв.6;3К;6;Оценка;95,6;7659342,94;0
МАЙ, корп. 20, кв.7;2К;7;Оценка;73,8;5706103,82;0
МАЙ, корп. 20, кв.8;3К;8;Оценка;96,6;7587707,82;0
МАЙ, корп. 20, кв.9;2К;9;Оценка;91,7;7852480,99;0
МАЙ, корп. 20, кв.10;2К;10;Оценка;92,5;7690278,88;0
МАЙ, корп. 20, кв.11;2К;11;Оценка;89,2;7341763,88;0
МАЙ, корп. 20, кв.12;3К;12;Оценка;109,3;8585263,61;0
МАЙ, корп. 20, кв.13;2К;13;Оценка;76,3;5709097,14;0
МАЙ, корп. 20, кв.14;2К;14;Оценка;83,1;6908780,27;0
МАЙ, корп. 20, кв.15;2К;15;Оценка;87,6;7064415,28;0
МАЙ, корп. 20, кв.16;2К;16;Оценка;76,7;5739026,88;0
МАЙ, корп. 20, кв.17;2К;17;Оценка;85,3;6808016,49;0
МАЙ, корп. 20, кв.18;2К;18;Оценка;79,3;6592855,3;0
МАЙ, корп. 20, кв.19;2К;19;Стр. Резерв;63,9;4891733,51;0
МАЙ, корп. 20, кв.20;2К;20;Оценка;71,4;5876703,38;0
МАЙ, корп. 20, кв.21;2К;21;Оценка;71,9;5559198,71;0
МАЙ, корп. 20, кв.22;3К;22;Оценка;92,7;7499812,85;0
МАЙ, корп. 20, кв.23;2К;23;Оценка;81,6;6784073,04;0
МАЙ, корп. 20, кв.24;2К;24;Оценка;66,4;5133947,07;0
МАЙ, корп. 20, кв.25;2К;25;Оценка;67,5;5555706,98;0
МАЙ, корп. 20, кв.26;2К;26;Оценка;72,8;5628785,34;0
МАЙ, корп. 20, кв.27;3К;27;Оценка;92,7;7499812,85;0
МАЙ, корп. 20, кв.28;2К;28;Оценка;74,4;5566930,9;0
МАЙ, корп. 20, кв.29;2К;29;Оценка;85,3;6808016,49;0
МАЙ, корп. 20, кв.30;3К;30;Оценка;113,1;8528394,85;0
МАЙ, корп. 20, кв.31;3К;31;Оценка;130,9;10281893,93;0
МАЙ, корп. 20, кв.32;2К;32;Оценка;71,6;6131271,96;0
МАЙ, корп. 20, кв.33;2К;33;Оценка;72,9;5636517,19;0
МАЙ, корп. 20, кв.34;2К;34;Оценка;69,8;5396829,9;0
МАЙ, корп. 20, кв.35;2К;35;Оценка;65,2;5366401,4;0
МАЙ, корп. 20, кв.36;3К;36;Оценка;102,1;8019720,17;0
МАЙ, корп. 20, кв.37;2К;37;Оценка;71,6;6131271,96;0
МАЙ, корп. 20, кв.38;2К;38;Оценка;72,9;5636517,19;0
МАЙ, корп. 20, кв.39;2К;39;Оценка;69,8;5396829,9;0
МАЙ, корп. 20, кв.40;2К;40;Оценка;65,2;5366401,4;0
МАЙ, корп. 20, кв.41;3К;41;Оценка;99,2;7791931,84;0
МАЙ, корп. 20, кв.42;2К;42;Оценка;86;7078382,22;0
МАЙ, корп. 20, кв.43;3К;43;Оценка;114,2;8970147,34;0
МАЙ, корп. 20, кв.44;2К;44;Оценка;87,3;6604744,36;0
МАЙ, корп. 20, кв.45;3К;45;Оценка;111,1;8464850,1;0
МАЙ, корп. 20, кв.46;3К;46;Оценка;93,8;7515129,37;0
МАЙ, корп. 20, кв.47;3К;47;Оценка;96,3;7791067,72;0
МАЙ, корп. 20, кв.48;2К;48;Оценка;78,4;6126949,02;0
МАЙ, корп. 20, кв.49;3К;49;Оценка;93;7304936,1;0
МАЙ, корп. 20, кв.50;2К;50;Оценка;90,8;7699922,63;0
МАЙ, корп. 20, кв.51;2К;51;Оценка;93,3;7989492,66;0
МАЙ, корп. 20, кв.52;2К;52;Оценка;93,8;7798358,47;0
МАЙ, корп. 20, кв.53;3К;53;Оценка;105,7;8302491,89;0
МАЙ, корп. 21, кв.1;2К;1;Свободно;87,4;6539647,32;0
МАЙ, корп. 21, кв.2;3К;2;Свободно;108,6;8530280,22;0
МАЙ, корп. 21, кв.3;3К;3;Свободно;107,4;8436022,98;0
МАЙ, корп. 21, кв.4;2К;4;Пл. Бронь;86,1;7086612,9;0
МАЙ, корп. 21, кв.5;3К;5;Пл. Бронь;94,7;7661621,11;0
МАЙ, корп. 21, кв.6;3К;6;Продажа;95,6;7659342,94;0
МАЙ, корп. 21, кв.7;2К;7;Свободно;73,8;5706103,82;0
МАЙ, корп. 21, кв.8;3К;8;Свободно;96,6;7815338,96;0
МАЙ, корп. 21, кв.9;2К;9;Свободно;91,7;7852480,99;0
МАЙ, корп. 21, кв.10;2К;10;Свободно;92,5;7844084,18;0
МАЙ, корп. 21, кв.11;2К;11;Продажа;89,2;7341763,88;0
МАЙ, корп. 21, кв.12;3К;12;Пл. Бронь;109,3;8842821,41;0
МАЙ, корп. 21, кв.13;2К;13;Свободно;89,5;7217638,9;0
МАЙ, корп. 21, кв.14;2К;14;Свободно;74,6;5581895,76;0
МАЙ, корп. 21, кв.15;2К;15;Свободно;92,6;7390648,61;0
МАЙ, корп. 21, кв.16;3К;16;Свободно;113,5;8647709,15;0
МАЙ, корп. 21, кв.17;3К;17;Свободно;103,6;8137541,72;0
МАЙ, корп. 21, кв.18;2К;18;Свободно;68,7;5311779,58;0
МАЙ, корп. 21, кв.19;2К;19;Свободно;77,1;6345851,97;0
МАЙ, корп. 21, кв.20;3К;20;Свободно;103,7;8145396,49;0
МАЙ, корп. 21, кв.21;3К;21;Продажа;106,1;8333910,97;0
МАЙ, корп. 21, кв.22;2К;22;Пл. Бронь;68,6;5304047,73;0
МАЙ, корп. 21, кв.23;2К;23;Свободно;76,2;6271775,87;0
МАЙ, корп. 21, кв.24;3К;24;Свободно;103,5;8129686,95;0
МАЙ, корп. 21, кв.25;2К;25;Свободно;74,4;5566930,9;0
МАЙ, корп. 21, кв.26;2К;26;Свободно;85,2;6800035,22;0
МАЙ, корп. 21, кв.27;3К;27;Свободно;113;8609613,51;0
МАЙ, корп. 21, кв.28;3К;28;Продажа;130,9;10281893,93;0
МАЙ, корп. 21, кв.29;2К;29;Свободно;71,6;6131271,96;0
МАЙ, корп. 21, кв.30;2К;30;Свободно;72,9;5636517,19;0
МАЙ, корп. 21, кв.31;2К;31;Свободно;69,8;5396829,9;0
МАЙ, корп. 21, кв.32;2К;32;Свободно;65,2;5366401,4;0
МАЙ, корп. 21, кв.33;3К;33;Свободно;102,1;8019720,17;0
МАЙ, корп. 21, кв.34;2К;34;Свободно;71,6;6131271,96;0
МАЙ, корп. 21, кв.35;2К;35;Свободно;72,9;5636517,19;0
МАЙ, корп. 21, кв.36;2К;36;Свободно;69,8;5396829,9;0
МАЙ, корп. 21, кв.37;2К;37;Свободно;65,2;5366401,4;0
МАЙ, корп. 21, кв.38;3К;38;Пл. Бронь;99,2;7791931,84;0
МАЙ, корп. 21, кв.39;2К;39;Свободно;86;7078382,22;0
МАЙ, корп. 21, кв.40;3К;40;Свободно;114,2;8970147,34;0
МАЙ, корп. 21, кв.41;2К;41;Продажа;87,3;6539350,55;0
МАЙ, корп. 21, кв.42;3К;42;Свободно;111;8457230,97;0
МАЙ, корп. 21, кв.43;3К;43;Свободно;93,8;7515129,37;0
МАЙ, корп. 21, кв.44;3К;44;Свободно;96,3;7791067,72;0
МАЙ, корп. 21, кв.45;2К;45;Свободно;78,4;6126949,02;0
МАЙ, корп. 21, кв.46;3К;46;Свободно;93;7304936,1;0
МАЙ, корп. 21, кв.47;2К;47;Свободно;90,8;7699922,63;0
МАЙ, корп. 21, кв.48;2К;48;Свободно;93,3;7989492,66;0
МАЙ, корп. 21, кв.49;2К;49;Продажа;93,8;7798358,47;0
МАЙ, корп. 21, кв.50;3К;50;Пл. Бронь;105,7;8830991,89;0
